<?xml version = '1.0' encoding = 'UTF-8'?>
<Table class="oracle.dbtools.crest.model.design.relational.Table" directorySegmentName="seg_0" id="1FE51834-BE1A-C0DC-9FB0-73E7340D1964" name="EQUIPAMENTOS">
<createdBy>pedro</createdBy>
<createdTime>2020-06-17 01:30:27 UTC</createdTime>
<generatorID>E161D776-785C-0C39-D282-7EECC02EDB69</generatorID>
<ownerDesignName>PS_BancoDados</ownerDesignName>
<allowColumnReorder>false</allowColumnReorder>
<existDependencyGenerateInDDl>true</existDependencyGenerateInDDl>
<parsed>true</parsed>
<columns itemClass="oracle.dbtools.crest.model.design.relational.Column">
<Column name="id_equipamento" id="289DF7B6-0F5C-0925-D61F-7A916577EBEF">
<createdBy>pedro</createdBy>
<createdTime>2020-06-17 01:30:27 UTC</createdTime>
<generatorID>05B59EC9-8C28-1A70-CDA9-F4A6B18B13F2</generatorID>
<ownerDesignName>PS_BancoDados</ownerDesignName>
<use>0</use>
<logicalDatatype>LOGDT019</logicalDatatype>
<domain>4BBED08A-24B3-E46F-5F06-5CE2FFC95675</domain>
<ownDataTypeParameters>,,</ownDataTypeParameters>
<autoIncrementCycle>false</autoIncrementCycle>
</Column>
<Column name="num_equipamento" id="13B08A6D-5979-1379-8131-2DF1A1C7335D">
<createdBy>pedro</createdBy>
<createdTime>2020-06-17 01:30:27 UTC</createdTime>
<generatorID>40A5C473-F371-5E64-9603-CE87D7CE4E21</generatorID>
<ownerDesignName>PS_BancoDados</ownerDesignName>
<use>0</use>
<logicalDatatype>LOGDT019</logicalDatatype>
<domain>4BBED08A-24B3-E46F-5F06-5CE2FFC95675</domain>
<ownDataTypeParameters>,,</ownDataTypeParameters>
<autoIncrementCycle>false</autoIncrementCycle>
</Column>
<Column name="HOSPITAL_id_hospital" id="EBC4D048-F415-36B1-18F7-2CD67D9F0814">
<createdBy>pedro</createdBy>
<createdTime>2020-06-18 00:28:15 UTC</createdTime>
<generatorID>875AB827-AC6F-4C76-F874-CC0A95DDC974</generatorID>
<ownerDesignName>PS_BancoDados</ownerDesignName>
<nullsAllowed>true</nullsAllowed>
<use>0</use>
<logicalDatatype>LOGDT019</logicalDatatype>
<domain>4BBED08A-24B3-E46F-5F06-5CE2FFC95675</domain>
<ownDataTypeParameters>,,</ownDataTypeParameters>
<previousColumn>false</previousColumn>
<autoIncrementCycle>false</autoIncrementCycle>
<associations>
<colAssociation fkAssociation="0DC8E036-20BD-8F78-D156-8817AAB68927" referredColumn="5252C4FE-3F5F-1ADB-B2D1-3015A5046B05"/>
</associations>
</Column>
</columns>
<indexes itemClass="oracle.dbtools.crest.model.design.relational.Index">
<ind_PK_UK id="430FD375-6BDE-0974-516D-FE61FE5AD02B" name="EQUIPAMENTOS_PK">
<createdBy>pedro</createdBy>
<createdTime>2020-06-17 01:30:27 UTC</createdTime>
<generatorID>263DF80F-FC03-CA9E-139D-7D78983BD4EF</generatorID>
<ownerDesignName>PS_BancoDados</ownerDesignName>
<pk>true</pk>
<indexState>Primary Constraint</indexState>
<isSurrogateKey>false</isSurrogateKey>
<indexColumnUsage>
<colUsage columnID="289DF7B6-0F5C-0925-D61F-7A916577EBEF"/>
</indexColumnUsage>
</ind_PK_UK>
<ind_PK_UK id="78EE6471-7F1B-962F-10EF-11D8F7F02A4C" name="EQUIPAMENTOS_HOSPITAL_FK">
<createdBy>pedro</createdBy>
<createdTime>2020-06-18 00:28:15 UTC</createdTime>
<generatorID>EBDE984C-D0D6-D6A1-0FCC-AF8E8767BD21</generatorID>
<ownerDesignName>PS_BancoDados</ownerDesignName>
<indexState>Foreign Key</indexState>
<isSurrogateKey>false</isSurrogateKey>
<indexColumnUsage>
<colUsage columnID="EBC4D048-F415-36B1-18F7-2CD67D9F0814"/>
</indexColumnUsage>
</ind_PK_UK>
</indexes>
</Table>