<?xml version = '1.0' encoding = 'UTF-8'?>
<Table class="oracle.dbtools.crest.model.design.relational.Table" directorySegmentName="seg_0" id="421EF7F3-151D-A49B-7664-1EF91F44CDC5" name="HOSPITAL">
<createdBy>pedro</createdBy>
<createdTime>2020-06-17 01:30:27 UTC</createdTime>
<generatorID>3325C65A-D3D1-FDF8-A27E-A504E46823E9</generatorID>
<ownerDesignName>PS_BancoDados</ownerDesignName>
<allowColumnReorder>false</allowColumnReorder>
<existDependencyGenerateInDDl>true</existDependencyGenerateInDDl>
<parsed>true</parsed>
<columns itemClass="oracle.dbtools.crest.model.design.relational.Column">
<Column name="id_hospital" id="5252C4FE-3F5F-1ADB-B2D1-3015A5046B05">
<createdBy>pedro</createdBy>
<createdTime>2020-06-17 01:30:27 UTC</createdTime>
<generatorID>A6396DA0-24AD-529C-16BE-E75181B837E5</generatorID>
<ownerDesignName>PS_BancoDados</ownerDesignName>
<use>0</use>
<logicalDatatype>LOGDT019</logicalDatatype>
<domain>4BBED08A-24B3-E46F-5F06-5CE2FFC95675</domain>
<ownDataTypeParameters>,,</ownDataTypeParameters>
<autoIncrementCycle>false</autoIncrementCycle>
</Column>
<Column name="Nome" id="E4C5EF72-2052-9234-7DDE-AC8C92100AFD">
<createdBy>pedro</createdBy>
<createdTime>2020-06-17 01:30:27 UTC</createdTime>
<generatorID>359925A3-E298-239E-776D-E177026B7CAD</generatorID>
<ownerDesignName>PS_BancoDados</ownerDesignName>
<useDomainConstraints>false</useDomainConstraints>
<use>1</use>
<logicalDatatype>LOGDT024</logicalDatatype>
<dataTypeSize>20</dataTypeSize>
<ownDataTypeParameters>20,,</ownDataTypeParameters>
<autoIncrementCycle>false</autoIncrementCycle>
</Column>
<Column name="Endereço" id="23172D8A-98E6-011A-32EC-10947F0560F0">
<createdBy>pedro</createdBy>
<createdTime>2020-06-17 01:30:27 UTC</createdTime>
<generatorID>8120B630-5292-AA6E-3E4A-FEBC95F93E7B</generatorID>
<ownerDesignName>PS_BancoDados</ownerDesignName>
<useDomainConstraints>false</useDomainConstraints>
<use>1</use>
<logicalDatatype>LOGDT024</logicalDatatype>
<dataTypeSize>35</dataTypeSize>
<ownDataTypeParameters>35,,</ownDataTypeParameters>
<autoIncrementCycle>false</autoIncrementCycle>
</Column>
</columns>
<indexes itemClass="oracle.dbtools.crest.model.design.relational.Index">
<ind_PK_UK id="49F9DC05-00A4-24B4-232E-1AF1FB5E36A7" name="HOSPITAL_PK">
<createdBy>pedro</createdBy>
<createdTime>2020-06-17 01:30:27 UTC</createdTime>
<generatorID>CC39A037-702F-A1B6-8373-199CDD005B29</generatorID>
<ownerDesignName>PS_BancoDados</ownerDesignName>
<pk>true</pk>
<indexState>Primary Constraint</indexState>
<isSurrogateKey>false</isSurrogateKey>
<indexColumnUsage>
<colUsage columnID="5252C4FE-3F5F-1ADB-B2D1-3015A5046B05"/>
</indexColumnUsage>
</ind_PK_UK>
</indexes>
</Table>