<?xml version = '1.0' encoding = 'UTF-8'?>
<Table class="oracle.dbtools.crest.model.design.relational.Table" directorySegmentName="seg_0" id="841E27ED-1F53-501E-2F2C-5CE4FBF84997" name="MEDICO">
<createdBy>pedro</createdBy>
<createdTime>2020-06-17 01:30:27 UTC</createdTime>
<generatorID>E07C4030-B257-202C-066E-1C6D72F4849D</generatorID>
<ownerDesignName>PS_BancoDados</ownerDesignName>
<allowColumnReorder>false</allowColumnReorder>
<existDependencyGenerateInDDl>true</existDependencyGenerateInDDl>
<parsed>true</parsed>
<columns itemClass="oracle.dbtools.crest.model.design.relational.Column">
<Column name="CRM" id="B5C28500-F0FC-95E9-F39E-953FE59E4904">
<createdBy>pedro</createdBy>
<createdTime>2020-06-17 01:30:27 UTC</createdTime>
<generatorID>9F5508B4-A210-3BD3-06B7-D41F2CDB024C</generatorID>
<ownerDesignName>PS_BancoDados</ownerDesignName>
<use>0</use>
<logicalDatatype>LOGDT019</logicalDatatype>
<domain>4BBED08A-24B3-E46F-5F06-5CE2FFC95675</domain>
<ownDataTypeParameters>,,</ownDataTypeParameters>
<autoIncrementCycle>false</autoIncrementCycle>
</Column>
<Column name="Nome" id="ED30E47D-4A3B-FF52-B095-C8AD9F3D7774">
<createdBy>pedro</createdBy>
<createdTime>2020-06-17 01:30:27 UTC</createdTime>
<generatorID>399FB3EE-B63A-AF52-BEC4-E1515D8D5937</generatorID>
<ownerDesignName>PS_BancoDados</ownerDesignName>
<useDomainConstraints>false</useDomainConstraints>
<use>1</use>
<logicalDatatype>LOGDT024</logicalDatatype>
<dataTypeSize>10</dataTypeSize>
<ownDataTypeParameters>10,,</ownDataTypeParameters>
<autoIncrementCycle>false</autoIncrementCycle>
</Column>
<Column name="Sobrenome" id="618B7FFD-D648-D972-5C4C-0FD420A272ED">
<createdBy>pedro</createdBy>
<createdTime>2020-06-17 01:30:27 UTC</createdTime>
<generatorID>A586A6D9-0713-4006-8E42-F66FFD31AFAF</generatorID>
<ownerDesignName>PS_BancoDados</ownerDesignName>
<useDomainConstraints>false</useDomainConstraints>
<use>1</use>
<logicalDatatype>LOGDT024</logicalDatatype>
<dataTypeSize>20</dataTypeSize>
<ownDataTypeParameters>20,,</ownDataTypeParameters>
<autoIncrementCycle>false</autoIncrementCycle>
</Column>
<Column name="CPF_Médico" id="39FB8202-4FF8-C1EA-DC90-9D423BD01A93">
<createdBy>pedro</createdBy>
<createdTime>2020-06-17 01:30:27 UTC</createdTime>
<generatorID>06E9C9AB-5606-B510-19B7-CBDBD3FF1367</generatorID>
<ownerDesignName>PS_BancoDados</ownerDesignName>
<use>0</use>
<logicalDatatype>LOGDT019</logicalDatatype>
<domain>4BBED08A-24B3-E46F-5F06-5CE2FFC95675</domain>
<ownDataTypeParameters>,,</ownDataTypeParameters>
<autoIncrementCycle>false</autoIncrementCycle>
</Column>
<Column name="Especialidade" id="AED6B7E0-21AC-035E-82D3-0F4576E1407E">
<createdBy>pedro</createdBy>
<createdTime>2020-06-17 01:30:27 UTC</createdTime>
<generatorID>D54E6F94-CBD4-39F7-6FC2-6E6A19F25221</generatorID>
<ownerDesignName>PS_BancoDados</ownerDesignName>
<useDomainConstraints>false</useDomainConstraints>
<use>1</use>
<logicalDatatype>LOGDT024</logicalDatatype>
<dataTypeSize>15</dataTypeSize>
<ownDataTypeParameters>15,,</ownDataTypeParameters>
<autoIncrementCycle>false</autoIncrementCycle>
</Column>
<Column name="Tel" id="830D8135-0C9A-EA31-AC35-13DB0B29C69E">
<createdBy>pedro</createdBy>
<createdTime>2020-06-17 01:30:27 UTC</createdTime>
<generatorID>92032EC6-ACD7-251E-5B77-D2B474DAD676</generatorID>
<ownerDesignName>PS_BancoDados</ownerDesignName>
<use>0</use>
<logicalDatatype>LOGDT019</logicalDatatype>
<domain>4BBED08A-24B3-E46F-5F06-5CE2FFC95675</domain>
<ownDataTypeParameters>,,</ownDataTypeParameters>
<autoIncrementCycle>false</autoIncrementCycle>
</Column>
<Column name="Endereço" id="E9B588EB-FA5A-42B8-308C-DBC270ED0DB9">
<createdBy>pedro</createdBy>
<createdTime>2020-06-17 01:30:27 UTC</createdTime>
<generatorID>B1C27AC8-8817-AD2A-F4D9-AD9C80CD162A</generatorID>
<ownerDesignName>PS_BancoDados</ownerDesignName>
<useDomainConstraints>false</useDomainConstraints>
<use>1</use>
<logicalDatatype>LOGDT024</logicalDatatype>
<dataTypeSize>35</dataTypeSize>
<ownDataTypeParameters>35,,</ownDataTypeParameters>
<autoIncrementCycle>false</autoIncrementCycle>
</Column>
<Column name="dt_nascimento" id="1B23432F-6539-3A08-AE8D-7E1273D4EE1C">
<createdBy>pedro</createdBy>
<createdTime>2020-06-17 01:30:27 UTC</createdTime>
<generatorID>0D6225E5-45E0-A747-C3F9-5A325B323610</generatorID>
<ownerDesignName>PS_BancoDados</ownerDesignName>
<use>0</use>
<logicalDatatype>LOGDT007</logicalDatatype>
<domain>383A9CF0-C7FA-6710-75C9-E88CA8DDAFF3</domain>
<ownDataTypeParameters>,,</ownDataTypeParameters>
<autoIncrementCycle>false</autoIncrementCycle>
</Column>
<Column name="Gênero" id="B1FCE0AB-F92A-8E4A-4C22-DD2B2F59568D">
<createdBy>pedro</createdBy>
<createdTime>2020-06-17 01:30:27 UTC</createdTime>
<generatorID>AE80C6D8-ABD9-48F3-EC7B-114A9FDA31FA</generatorID>
<ownerDesignName>PS_BancoDados</ownerDesignName>
<nullsAllowed>true</nullsAllowed>
<useDomainConstraints>false</useDomainConstraints>
<use>1</use>
<logicalDatatype>LOGDT024</logicalDatatype>
<dataTypeSize>15</dataTypeSize>
<ownDataTypeParameters>15,,</ownDataTypeParameters>
<autoIncrementCycle>false</autoIncrementCycle>
</Column>
<Column name="HOSPITAL_id_hospital" id="7A27D98A-7D3F-7240-7C60-8DC797703AFE">
<createdBy>pedro</createdBy>
<createdTime>2020-06-17 01:30:27 UTC</createdTime>
<generatorID>D26EE99D-D461-345B-EDE0-E631356C2429</generatorID>
<ownerDesignName>PS_BancoDados</ownerDesignName>
<nullsAllowed>true</nullsAllowed>
<use>0</use>
<logicalDatatype>LOGDT019</logicalDatatype>
<domain>4BBED08A-24B3-E46F-5F06-5CE2FFC95675</domain>
<ownDataTypeParameters>,,</ownDataTypeParameters>
<previousColumn>false</previousColumn>
<autoIncrementCycle>false</autoIncrementCycle>
<associations>
<colAssociation fkAssociation="FE6A10C2-2490-9A77-638E-360BA0E5A5C2" referredColumn="5252C4FE-3F5F-1ADB-B2D1-3015A5046B05"/>
</associations>
</Column>
</columns>
<indexes itemClass="oracle.dbtools.crest.model.design.relational.Index">
<ind_PK_UK id="38ECA0C7-AF9D-BFA2-15A0-18D45E99FED3" name="MEDICO_PK">
<createdBy>pedro</createdBy>
<createdTime>2020-06-17 01:30:27 UTC</createdTime>
<generatorID>8E2A4D47-EDBF-F183-1638-3D8A765C8E7E</generatorID>
<ownerDesignName>PS_BancoDados</ownerDesignName>
<pk>true</pk>
<indexState>Primary Constraint</indexState>
<isSurrogateKey>false</isSurrogateKey>
<indexColumnUsage>
<colUsage columnID="B5C28500-F0FC-95E9-F39E-953FE59E4904"/>
</indexColumnUsage>
</ind_PK_UK>
<ind_PK_UK id="0EB6A523-B222-FD59-2B88-DE812D48C10E" name="MEDICO_HOSPITAL_FK">
<createdBy>pedro</createdBy>
<createdTime>2020-06-17 01:30:27 UTC</createdTime>
<generatorID>E339943D-5CD2-07CD-B5CD-5D26C6D7EBBB</generatorID>
<ownerDesignName>PS_BancoDados</ownerDesignName>
<indexState>Foreign Key</indexState>
<isSurrogateKey>false</isSurrogateKey>
<indexColumnUsage>
<colUsage columnID="7A27D98A-7D3F-7240-7C60-8DC797703AFE"/>
</indexColumnUsage>
</ind_PK_UK>
</indexes>
</Table>