<?xml version = '1.0' encoding = 'UTF-8'?>
<Table class="oracle.dbtools.crest.model.design.relational.Table" directorySegmentName="seg_0" id="B6D66B61-1BEF-49AB-E1EC-67522A707D45" name="LEITO">
<createdBy>pedro</createdBy>
<createdTime>2020-06-17 01:30:27 UTC</createdTime>
<generatorID>004D1106-C8F8-91A7-DFCF-EDB8F955BD53</generatorID>
<ownerDesignName>PS_BancoDados</ownerDesignName>
<allowColumnReorder>false</allowColumnReorder>
<existDependencyGenerateInDDl>true</existDependencyGenerateInDDl>
<parsed>true</parsed>
<columns itemClass="oracle.dbtools.crest.model.design.relational.Column">
<Column name="id_leito" id="50024D75-0144-F912-055F-12179D4B6B33">
<createdBy>pedro</createdBy>
<createdTime>2020-06-17 01:30:27 UTC</createdTime>
<generatorID>924952B2-954C-D1C5-8830-56EB2702DF85</generatorID>
<ownerDesignName>PS_BancoDados</ownerDesignName>
<use>0</use>
<logicalDatatype>LOGDT019</logicalDatatype>
<domain>4BBED08A-24B3-E46F-5F06-5CE2FFC95675</domain>
<ownDataTypeParameters>,,</ownDataTypeParameters>
<autoIncrementCycle>false</autoIncrementCycle>
</Column>
<Column name="num_leito" id="45424070-519E-3BA0-6257-67F81495020F">
<createdBy>pedro</createdBy>
<createdTime>2020-06-17 01:30:27 UTC</createdTime>
<generatorID>54FD4AA4-E93C-78E7-0152-3B8EC9D9B824</generatorID>
<ownerDesignName>PS_BancoDados</ownerDesignName>
<use>0</use>
<logicalDatatype>LOGDT019</logicalDatatype>
<domain>4BBED08A-24B3-E46F-5F06-5CE2FFC95675</domain>
<ownDataTypeParameters>,,</ownDataTypeParameters>
<autoIncrementCycle>false</autoIncrementCycle>
</Column>
<Column name="HOSPITAL_id_hospital" id="4A1BE1D9-6F72-DBD0-25FC-3AF450201C4C">
<createdBy>pedro</createdBy>
<createdTime>2020-06-17 01:30:27 UTC</createdTime>
<generatorID>1444DE8F-C6A9-6887-FEBB-8F8D20E14570</generatorID>
<ownerDesignName>PS_BancoDados</ownerDesignName>
<nullsAllowed>true</nullsAllowed>
<use>0</use>
<logicalDatatype>LOGDT019</logicalDatatype>
<domain>4BBED08A-24B3-E46F-5F06-5CE2FFC95675</domain>
<ownDataTypeParameters>,,</ownDataTypeParameters>
<previousColumn>false</previousColumn>
<autoIncrementCycle>false</autoIncrementCycle>
<associations>
<colAssociation fkAssociation="0BB96DE9-23C7-4A07-07DF-C6F3964A9F56" referredColumn="5252C4FE-3F5F-1ADB-B2D1-3015A5046B05"/>
</associations>
</Column>
</columns>
<indexes itemClass="oracle.dbtools.crest.model.design.relational.Index">
<ind_PK_UK id="8FF2A496-20FE-27A4-45B4-005F97568757" name="LEITO_PK">
<createdBy>pedro</createdBy>
<createdTime>2020-06-17 01:30:27 UTC</createdTime>
<generatorID>EEC12E22-5FF3-FC97-D190-7D2EEE2D91EA</generatorID>
<ownerDesignName>PS_BancoDados</ownerDesignName>
<pk>true</pk>
<indexState>Primary Constraint</indexState>
<isSurrogateKey>false</isSurrogateKey>
<indexColumnUsage>
<colUsage columnID="50024D75-0144-F912-055F-12179D4B6B33"/>
</indexColumnUsage>
</ind_PK_UK>
<ind_PK_UK id="F57DA746-5BCE-D253-10B8-6E62A9C0FC0C" name="LEITO_HOSPITAL_FK">
<createdBy>pedro</createdBy>
<createdTime>2020-06-17 01:30:27 UTC</createdTime>
<generatorID>724514C2-4E49-6974-658C-6D37CAEFE453</generatorID>
<ownerDesignName>PS_BancoDados</ownerDesignName>
<indexState>Foreign Key</indexState>
<isSurrogateKey>false</isSurrogateKey>
<indexColumnUsage>
<colUsage columnID="4A1BE1D9-6F72-DBD0-25FC-3AF450201C4C"/>
</indexColumnUsage>
</ind_PK_UK>
</indexes>
</Table>