<?xml version = '1.0' encoding = 'UTF-8'?>
<Table class="oracle.dbtools.crest.model.design.relational.Table" directorySegmentName="seg_0" id="DF1EA570-EB4A-C408-76B1-C828C1BDDD35" name="VISITANTE">
<createdBy>pedro</createdBy>
<createdTime>2020-06-17 01:30:27 UTC</createdTime>
<generatorID>0A024AF8-2AC6-500D-A4CB-D16E4A6E8680</generatorID>
<ownerDesignName>PS_BancoDados</ownerDesignName>
<allowColumnReorder>false</allowColumnReorder>
<existDependencyGenerateInDDl>true</existDependencyGenerateInDDl>
<parsed>true</parsed>
<columns itemClass="oracle.dbtools.crest.model.design.relational.Column">
<Column name="CPF_Visitante" id="588FA2D0-E418-B223-2C90-1CD529F6D252">
<createdBy>pedro</createdBy>
<createdTime>2020-06-17 01:30:27 UTC</createdTime>
<generatorID>5CD40A32-5F15-7C42-C692-1F73E9A63276</generatorID>
<ownerDesignName>PS_BancoDados</ownerDesignName>
<use>0</use>
<logicalDatatype>LOGDT019</logicalDatatype>
<domain>4BBED08A-24B3-E46F-5F06-5CE2FFC95675</domain>
<ownDataTypeParameters>,,</ownDataTypeParameters>
<autoIncrementCycle>false</autoIncrementCycle>
</Column>
<Column name="Nome" id="FA7733BF-3477-AF87-F156-43C1801423C1">
<createdBy>pedro</createdBy>
<createdTime>2020-06-17 01:30:27 UTC</createdTime>
<generatorID>6F7036F6-E204-C88F-398B-E8F0378BD438</generatorID>
<ownerDesignName>PS_BancoDados</ownerDesignName>
<useDomainConstraints>false</useDomainConstraints>
<use>1</use>
<logicalDatatype>LOGDT024</logicalDatatype>
<dataTypeSize>10</dataTypeSize>
<ownDataTypeParameters>10,,</ownDataTypeParameters>
<autoIncrementCycle>false</autoIncrementCycle>
</Column>
<Column name="Sobrenome" id="ADD08C3E-AB93-B2AC-A594-8E251D385088">
<createdBy>pedro</createdBy>
<createdTime>2020-06-17 01:30:27 UTC</createdTime>
<generatorID>86C2B0BE-B72D-D2E9-487F-1A0977BD3766</generatorID>
<ownerDesignName>PS_BancoDados</ownerDesignName>
<useDomainConstraints>false</useDomainConstraints>
<use>1</use>
<logicalDatatype>LOGDT024</logicalDatatype>
<dataTypeSize>20</dataTypeSize>
<ownDataTypeParameters>20,,</ownDataTypeParameters>
<autoIncrementCycle>false</autoIncrementCycle>
</Column>
<Column name="Tel" id="1211CC77-6388-8E8F-2628-EF03D0207159">
<createdBy>pedro</createdBy>
<createdTime>2020-06-17 01:30:27 UTC</createdTime>
<generatorID>BC20A565-0439-CCF6-83A1-6FD36F7C0E1A</generatorID>
<ownerDesignName>PS_BancoDados</ownerDesignName>
<use>0</use>
<logicalDatatype>LOGDT019</logicalDatatype>
<domain>4BBED08A-24B3-E46F-5F06-5CE2FFC95675</domain>
<ownDataTypeParameters>,,</ownDataTypeParameters>
<autoIncrementCycle>false</autoIncrementCycle>
</Column>
<Column name="PACIENTE_CPF_Paciente" id="F8865C40-CDD8-D194-63ED-3906F45EE100">
<createdBy>pedro</createdBy>
<createdTime>2020-06-17 01:30:27 UTC</createdTime>
<generatorID>4BA56A5B-B468-B6CD-95CF-FE586D2129C0</generatorID>
<ownerDesignName>PS_BancoDados</ownerDesignName>
<use>0</use>
<logicalDatatype>LOGDT019</logicalDatatype>
<domain>4BBED08A-24B3-E46F-5F06-5CE2FFC95675</domain>
<ownDataTypeParameters>,,</ownDataTypeParameters>
<previousColumn>false</previousColumn>
<autoIncrementCycle>false</autoIncrementCycle>
<associations>
<colAssociation fkAssociation="AF6D3E49-CE8E-F2C8-24B5-24AF5FCEA364" referredColumn="7482876A-73CE-F47A-5D84-F17D7C48DE3A"/>
</associations>
</Column>
</columns>
<indexes itemClass="oracle.dbtools.crest.model.design.relational.Index">
<ind_PK_UK id="302DBD45-C42A-69F5-02AC-E8A428B5CE1C" name="VISITANTE_PK">
<createdBy>pedro</createdBy>
<createdTime>2020-06-17 01:30:27 UTC</createdTime>
<generatorID>0C3D971C-29D1-21FB-B010-C4239361FDF8</generatorID>
<ownerDesignName>PS_BancoDados</ownerDesignName>
<pk>true</pk>
<indexState>Primary Constraint</indexState>
<isSurrogateKey>false</isSurrogateKey>
<indexColumnUsage>
<colUsage columnID="588FA2D0-E418-B223-2C90-1CD529F6D252"/>
</indexColumnUsage>
</ind_PK_UK>
<ind_PK_UK id="AC8A0E94-C230-4CE0-A492-4C9EA2586245" name="VISITANTE_PACIENTE_FK">
<createdBy>pedro</createdBy>
<createdTime>2020-06-17 01:30:27 UTC</createdTime>
<generatorID>A6618758-3D25-8EDE-CF1A-9CEDFFA8552C</generatorID>
<ownerDesignName>PS_BancoDados</ownerDesignName>
<indexState>Foreign Key</indexState>
<isSurrogateKey>false</isSurrogateKey>
<indexColumnUsage>
<colUsage columnID="F8865C40-CDD8-D194-63ED-3906F45EE100"/>
</indexColumnUsage>
</ind_PK_UK>
</indexes>
</Table>