<?xml version = '1.0' encoding = 'UTF-8'?>
<Table class="oracle.dbtools.crest.model.design.relational.Table" directorySegmentName="seg_0" id="DF7FAB82-7C3B-D8B2-969C-E67698296372" name="CONSULTA">
<createdBy>pedro</createdBy>
<createdTime>2020-06-18 00:28:15 UTC</createdTime>
<generatorID>453F048C-2134-5A71-D8CE-AFCDFBF4066F</generatorID>
<ownerDesignName>PS_BancoDados</ownerDesignName>
<allowColumnReorder>false</allowColumnReorder>
<existDependencyGenerateInDDl>true</existDependencyGenerateInDDl>
<parsed>true</parsed>
<columns itemClass="oracle.dbtools.crest.model.design.relational.Column">
<Column name="id_consulta" id="0BB805C8-2272-DE22-4E79-ED7520EC0B5B">
<createdBy>pedro</createdBy>
<createdTime>2020-06-18 00:28:15 UTC</createdTime>
<generatorID>B5CD952A-C629-E308-17C8-0BA366388EF0</generatorID>
<ownerDesignName>PS_BancoDados</ownerDesignName>
<use>0</use>
<logicalDatatype>LOGDT019</logicalDatatype>
<domain>4BBED08A-24B3-E46F-5F06-5CE2FFC95675</domain>
<ownDataTypeParameters>,,</ownDataTypeParameters>
<autoIncrementCycle>false</autoIncrementCycle>
</Column>
<Column name="dt_consulta" id="CD6EAB3B-02FF-41EC-E6C5-82A0A021ECAA">
<createdBy>pedro</createdBy>
<createdTime>2020-06-18 00:28:15 UTC</createdTime>
<generatorID>30DA4734-441A-1BED-3052-93BDA5A98CAF</generatorID>
<ownerDesignName>PS_BancoDados</ownerDesignName>
<use>0</use>
<logicalDatatype>LOGDT007</logicalDatatype>
<domain>383A9CF0-C7FA-6710-75C9-E88CA8DDAFF3</domain>
<ownDataTypeParameters>,,</ownDataTypeParameters>
<autoIncrementCycle>false</autoIncrementCycle>
</Column>
<Column name="horario" id="C225A40F-9319-033B-D13D-F37BC8D3E990">
<createdBy>pedro</createdBy>
<createdTime>2020-06-18 00:28:15 UTC</createdTime>
<generatorID>7A16472B-3B6D-7D0F-2881-38991F94B20D</generatorID>
<ownerDesignName>PS_BancoDados</ownerDesignName>
<useDomainConstraints>false</useDomainConstraints>
<use>1</use>
<logicalDatatype>LOGDT014</logicalDatatype>
<ownDataTypeParameters>,,</ownDataTypeParameters>
<autoIncrementCycle>false</autoIncrementCycle>
</Column>
<Column name="PACIENTE_CPF_Paciente" id="0E368EE7-2533-7C00-C62B-3AC1185A656C">
<createdBy>pedro</createdBy>
<createdTime>2020-06-18 00:28:15 UTC</createdTime>
<generatorID>17F1515F-AB4C-3202-7A55-1AF3C1D427CA</generatorID>
<ownerDesignName>PS_BancoDados</ownerDesignName>
<use>0</use>
<logicalDatatype>LOGDT019</logicalDatatype>
<domain>4BBED08A-24B3-E46F-5F06-5CE2FFC95675</domain>
<ownDataTypeParameters>,,</ownDataTypeParameters>
<previousColumn>false</previousColumn>
<autoIncrementCycle>false</autoIncrementCycle>
<associations>
<colAssociation fkAssociation="78F79F5B-21E7-7E26-FBD0-DCE10DDC1ED0" referredColumn="7482876A-73CE-F47A-5D84-F17D7C48DE3A"/>
</associations>
</Column>
<Column name="MEDICO_CRM" id="14023636-EB21-2192-714E-8DD247FB8C18">
<createdBy>pedro</createdBy>
<createdTime>2020-06-18 00:28:15 UTC</createdTime>
<generatorID>09FF5610-2205-60D2-1189-C598A99DBA2E</generatorID>
<ownerDesignName>PS_BancoDados</ownerDesignName>
<use>0</use>
<logicalDatatype>LOGDT019</logicalDatatype>
<domain>4BBED08A-24B3-E46F-5F06-5CE2FFC95675</domain>
<ownDataTypeParameters>,,</ownDataTypeParameters>
<previousColumn>false</previousColumn>
<autoIncrementCycle>false</autoIncrementCycle>
<associations>
<colAssociation fkAssociation="A10F169F-C5CA-2D59-024A-CAE291EF5969" referredColumn="B5C28500-F0FC-95E9-F39E-953FE59E4904"/>
</associations>
</Column>
</columns>
<indexes itemClass="oracle.dbtools.crest.model.design.relational.Index">
<ind_PK_UK id="8FA32EE2-02B2-FDB6-7038-EAD5B6E4CADE" name="CONSULTA_PK">
<createdBy>pedro</createdBy>
<createdTime>2020-06-18 00:30:10 UTC</createdTime>
<ownerDesignName>PS_BancoDados</ownerDesignName>
<pk>true</pk>
<indexState>Primary Constraint</indexState>
<isSurrogateKey>false</isSurrogateKey>
<indexColumnUsage>
<colUsage columnID="0BB805C8-2272-DE22-4E79-ED7520EC0B5B"/>
</indexColumnUsage>
</ind_PK_UK>
<ind_PK_UK id="C2F222DD-A9B3-E51B-C45D-6C4B3AF130FC" name="CONSULTA__IDX">
<createdBy>pedro</createdBy>
<createdTime>2020-06-18 00:28:15 UTC</createdTime>
<ownerDesignName>PS_BancoDados</ownerDesignName>
<indexState>Unique Plain Index</indexState>
<isSurrogateKey>false</isSurrogateKey>
<relationGeneratorID>A5056568-53CA-A77B-D138-B01984901183</relationGeneratorID>
<indexColumnUsage>
<colUsage columnID="0E368EE7-2533-7C00-C62B-3AC1185A656C"/>
</indexColumnUsage>
</ind_PK_UK>
<ind_PK_UK id="82DA21D7-E578-D3E8-86CB-CF85BDB8B969" name="CONSULTA__IDXv1">
<createdBy>pedro</createdBy>
<createdTime>2020-06-18 00:28:15 UTC</createdTime>
<ownerDesignName>PS_BancoDados</ownerDesignName>
<indexState>Unique Plain Index</indexState>
<isSurrogateKey>false</isSurrogateKey>
<relationGeneratorID>8BE05F94-046A-D171-EAFA-BC8029DB83CB</relationGeneratorID>
<indexColumnUsage>
<colUsage columnID="14023636-EB21-2192-714E-8DD247FB8C18"/>
</indexColumnUsage>
</ind_PK_UK>
<ind_PK_UK id="A242F8FA-7914-C6B9-A396-7246038C6161" name="CONSULTA_PACIENTE_FK">
<createdBy>pedro</createdBy>
<createdTime>2020-06-18 00:28:15 UTC</createdTime>
<generatorID>A5056568-53CA-A77B-D138-B01984901183</generatorID>
<ownerDesignName>PS_BancoDados</ownerDesignName>
<indexState>Foreign Key</indexState>
<isSurrogateKey>false</isSurrogateKey>
<indexColumnUsage>
<colUsage columnID="0E368EE7-2533-7C00-C62B-3AC1185A656C"/>
</indexColumnUsage>
</ind_PK_UK>
<ind_PK_UK id="C04CDA1D-B86F-EB0C-2296-BEA9CD4EF45B" name="CONSULTA_MEDICO_FK">
<createdBy>pedro</createdBy>
<createdTime>2020-06-18 00:28:15 UTC</createdTime>
<generatorID>8BE05F94-046A-D171-EAFA-BC8029DB83CB</generatorID>
<ownerDesignName>PS_BancoDados</ownerDesignName>
<indexState>Foreign Key</indexState>
<isSurrogateKey>false</isSurrogateKey>
<indexColumnUsage>
<colUsage columnID="14023636-EB21-2192-714E-8DD247FB8C18"/>
</indexColumnUsage>
</ind_PK_UK>
</indexes>
</Table>