<?xml version = '1.0' encoding = 'UTF-8'?>
<Entity class="oracle.dbtools.crest.model.design.logical.Entity" directorySegmentName="seg_0" id="004D1106-C8F8-91A7-DFCF-EDB8F955BD53" name="LEITO">
<createdBy>pedro</createdBy>
<createdTime>2020-06-17 00:59:48 UTC</createdTime>
<ownerDesignName>PS_BancoDados</ownerDesignName>
<engineerTo>
<item key="87A43A83-F1B5-EEF4-0121-26153AAB1A0D" value="true"/>
</engineerTo>
<adequatelyNormalized>NO</adequatelyNormalized>
<expectedVolumes>0</expectedVolumes>
<fwdEngineeringStrategyName>Single Table</fwdEngineeringStrategyName>
<growthPercent>0</growthPercent>
<growthType>Year</growthType>
<maxVolumes>9999999</maxVolumes>
<minVolumes>0</minVolumes>
<normalForm>Third</normalForm>
<attributes itemClass="oracle.dbtools.crest.model.design.logical.Attribute">
<Attribute name="id_leito" id="924952B2-954C-D1C5-8830-56EB2702DF85">
<createdBy>pedro</createdBy>
<createdTime>2020-06-17 01:00:34 UTC</createdTime>
<ownerDesignName>PS_BancoDados</ownerDesignName>
<engineerTo>
<item key="87A43A83-F1B5-EEF4-0121-26153AAB1A0D" value="true"/>
</engineerTo>
<use>0</use>
<ownDataTypeParameters>,,</ownDataTypeParameters>
</Attribute>
<Attribute name="num_leito" id="54FD4AA4-E93C-78E7-0152-3B8EC9D9B824">
<createdBy>pedro</createdBy>
<createdTime>2020-06-17 01:24:51 UTC</createdTime>
<ownerDesignName>PS_BancoDados</ownerDesignName>
<engineerTo>
<item key="87A43A83-F1B5-EEF4-0121-26153AAB1A0D" value="true"/>
</engineerTo>
<use>0</use>
<ownDataTypeParameters>,,</ownDataTypeParameters>
</Attribute>
<Attribute name="id_hospital" id="1444DE8F-C6A9-6887-FEBB-8F8D20E14570">
<createdBy>pedro</createdBy>
<createdTime>2020-06-17 01:27:03 UTC</createdTime>
<generatorID>724514C2-4E49-6974-658C-6D37CAEFE453</generatorID>
<ownerDesignName>PS_BancoDados</ownerDesignName>
<engineerTo>
<item key="87A43A83-F1B5-EEF4-0121-26153AAB1A0D" value="true"/>
</engineerTo>
<nullsAllowed>true</nullsAllowed>
<referedAttribute>A6396DA0-24AD-529C-16BE-E75181B837E5</referedAttribute>
<use>0</use>
<ownDataTypeParameters>,,</ownDataTypeParameters>
</Attribute>
</attributes>
<identifiers itemClass="oracle.dbtools.crest.model.design.logical.CandidateKey">
<identifier id="EEC12E22-5FF3-FC97-D190-7D2EEE2D91EA" name="LEITO PK">
<createdBy>pedro</createdBy>
<createdTime>2020-06-17 01:25:00 UTC</createdTime>
<ownerDesignName>PS_BancoDados</ownerDesignName>
<engineerTo>
<item key="87A43A83-F1B5-EEF4-0121-26153AAB1A0D" value="true"/>
</engineerTo>
<pk>true</pk>
<usedAttributes>
<attributeRef>924952B2-954C-D1C5-8830-56EB2702DF85</attributeRef>
</usedAttributes>
</identifier>
</identifiers>
</Entity>