<?xml version = '1.0' encoding = 'UTF-8'?>
<Entity class="oracle.dbtools.crest.model.design.logical.Entity" directorySegmentName="seg_0" id="0A024AF8-2AC6-500D-A4CB-D16E4A6E8680" name="VISITANTE">
<createdBy>pedro</createdBy>
<createdTime>2020-06-17 00:13:30 UTC</createdTime>
<ownerDesignName>PS_BancoDados</ownerDesignName>
<engineerTo>
<item key="87A43A83-F1B5-EEF4-0121-26153AAB1A0D" value="true"/>
</engineerTo>
<adequatelyNormalized>NO</adequatelyNormalized>
<expectedVolumes>0</expectedVolumes>
<fwdEngineeringStrategyName>Single Table</fwdEngineeringStrategyName>
<growthPercent>0</growthPercent>
<growthType>Year</growthType>
<maxVolumes>9999999</maxVolumes>
<minVolumes>0</minVolumes>
<normalForm>Third</normalForm>
<attributes itemClass="oracle.dbtools.crest.model.design.logical.Attribute">
<Attribute name="CPF_Visitante" id="5CD40A32-5F15-7C42-C692-1F73E9A63276">
<createdBy>pedro</createdBy>
<createdTime>2020-06-17 00:15:23 UTC</createdTime>
<ownerDesignName>PS_BancoDados</ownerDesignName>
<engineerTo>
<item key="87A43A83-F1B5-EEF4-0121-26153AAB1A0D" value="true"/>
</engineerTo>
<use>0</use>
<ownDataTypeParameters>,,</ownDataTypeParameters>
</Attribute>
<Attribute name="Nome" id="6F7036F6-E204-C88F-398B-E8F0378BD438">
<createdBy>pedro</createdBy>
<createdTime>2020-06-17 00:15:08 UTC</createdTime>
<ownerDesignName>PS_BancoDados</ownerDesignName>
<engineerTo>
<item key="87A43A83-F1B5-EEF4-0121-26153AAB1A0D" value="true"/>
</engineerTo>
<use>0</use>
<ownDataTypeParameters>,,</ownDataTypeParameters>
</Attribute>
<Attribute name="Sobrenome" id="86C2B0BE-B72D-D2E9-487F-1A0977BD3766">
<createdBy>pedro</createdBy>
<createdTime>2020-06-17 00:15:17 UTC</createdTime>
<ownerDesignName>PS_BancoDados</ownerDesignName>
<engineerTo>
<item key="87A43A83-F1B5-EEF4-0121-26153AAB1A0D" value="true"/>
</engineerTo>
<use>0</use>
<ownDataTypeParameters>,,</ownDataTypeParameters>
</Attribute>
<Attribute name="Tel" id="BC20A565-0439-CCF6-83A1-6FD36F7C0E1A">
<createdBy>pedro</createdBy>
<createdTime>2020-06-17 00:15:28 UTC</createdTime>
<ownerDesignName>PS_BancoDados</ownerDesignName>
<engineerTo>
<item key="87A43A83-F1B5-EEF4-0121-26153AAB1A0D" value="true"/>
</engineerTo>
<use>0</use>
<ownDataTypeParameters>,,</ownDataTypeParameters>
</Attribute>
<Attribute name="CPF_Paciente" id="4BA56A5B-B468-B6CD-95CF-FE586D2129C0">
<createdBy>pedro</createdBy>
<createdTime>2020-06-17 01:18:40 UTC</createdTime>
<generatorID>A6618758-3D25-8EDE-CF1A-9CEDFFA8552C</generatorID>
<ownerDesignName>PS_BancoDados</ownerDesignName>
<engineerTo>
<item key="87A43A83-F1B5-EEF4-0121-26153AAB1A0D" value="true"/>
</engineerTo>
<referedAttribute>3010B51A-9753-DE3F-081F-43F886D33AB2</referedAttribute>
<use>0</use>
<ownDataTypeParameters>,,</ownDataTypeParameters>
</Attribute>
</attributes>
<identifiers itemClass="oracle.dbtools.crest.model.design.logical.CandidateKey">
<identifier id="0C3D971C-29D1-21FB-B010-C4239361FDF8" name="VISITANTE PK">
<createdBy>pedro</createdBy>
<createdTime>2020-06-17 01:17:00 UTC</createdTime>
<ownerDesignName>PS_BancoDados</ownerDesignName>
<engineerTo>
<item key="87A43A83-F1B5-EEF4-0121-26153AAB1A0D" value="true"/>
</engineerTo>
<pk>true</pk>
<usedAttributes>
<attributeRef>5CD40A32-5F15-7C42-C692-1F73E9A63276</attributeRef>
</usedAttributes>
</identifier>
</identifiers>
</Entity>