<?xml version = '1.0' encoding = 'UTF-8'?>
<Entity class="oracle.dbtools.crest.model.design.logical.Entity" directorySegmentName="seg_0" id="3325C65A-D3D1-FDF8-A27E-A504E46823E9" name="HOSPITAL">
<createdBy>pedro</createdBy>
<createdTime>2020-06-17 00:32:12 UTC</createdTime>
<ownerDesignName>PS_BancoDados</ownerDesignName>
<engineerTo>
<item key="87A43A83-F1B5-EEF4-0121-26153AAB1A0D" value="true"/>
</engineerTo>
<adequatelyNormalized>NO</adequatelyNormalized>
<expectedVolumes>0</expectedVolumes>
<fwdEngineeringStrategyName>Single Table</fwdEngineeringStrategyName>
<growthPercent>0</growthPercent>
<growthType>Year</growthType>
<maxVolumes>9999999</maxVolumes>
<minVolumes>0</minVolumes>
<normalForm>Third</normalForm>
<attributes itemClass="oracle.dbtools.crest.model.design.logical.Attribute">
<Attribute name="id_hospital" id="A6396DA0-24AD-529C-16BE-E75181B837E5">
<createdBy>pedro</createdBy>
<createdTime>2020-06-17 00:36:05 UTC</createdTime>
<ownerDesignName>PS_BancoDados</ownerDesignName>
<engineerTo>
<item key="87A43A83-F1B5-EEF4-0121-26153AAB1A0D" value="true"/>
</engineerTo>
<use>0</use>
<ownDataTypeParameters>,,</ownDataTypeParameters>
</Attribute>
<Attribute name="Nome" id="359925A3-E298-239E-776D-E177026B7CAD">
<createdBy>pedro</createdBy>
<createdTime>2020-06-17 01:00:55 UTC</createdTime>
<ownerDesignName>PS_BancoDados</ownerDesignName>
<engineerTo>
<item key="87A43A83-F1B5-EEF4-0121-26153AAB1A0D" value="true"/>
</engineerTo>
<use>0</use>
<ownDataTypeParameters>,,</ownDataTypeParameters>
</Attribute>
<Attribute name="Endereço" id="8120B630-5292-AA6E-3E4A-FEBC95F93E7B">
<createdBy>pedro</createdBy>
<createdTime>2020-06-17 00:32:20 UTC</createdTime>
<ownerDesignName>PS_BancoDados</ownerDesignName>
<engineerTo>
<item key="87A43A83-F1B5-EEF4-0121-26153AAB1A0D" value="true"/>
</engineerTo>
<use>0</use>
<ownDataTypeParameters>,,</ownDataTypeParameters>
</Attribute>
</attributes>
<identifiers itemClass="oracle.dbtools.crest.model.design.logical.CandidateKey">
<identifier id="CC39A037-702F-A1B6-8373-199CDD005B29" name="HOSPITAL PK">
<createdBy>pedro</createdBy>
<createdTime>2020-06-17 01:22:25 UTC</createdTime>
<ownerDesignName>PS_BancoDados</ownerDesignName>
<shouldEngineer>false</shouldEngineer>
<engineerTo>
<item key="87A43A83-F1B5-EEF4-0121-26153AAB1A0D" value="false"/>
</engineerTo>
<pk>true</pk>
<usedAttributes>
<attributeRef>A6396DA0-24AD-529C-16BE-E75181B837E5</attributeRef>
</usedAttributes>
</identifier>
</identifiers>
</Entity>