<?xml version = '1.0' encoding = 'UTF-8'?>
<Entity class="oracle.dbtools.crest.model.design.logical.Entity" directorySegmentName="seg_0" id="453F048C-2134-5A71-D8CE-AFCDFBF4066F" name="CONSULTA">
<createdBy>pedro</createdBy>
<createdTime>2020-06-18 00:02:39 UTC</createdTime>
<ownerDesignName>PS_BancoDados</ownerDesignName>
<engineerTo>
<item key="87A43A83-F1B5-EEF4-0121-26153AAB1A0D" value="true"/>
</engineerTo>
<adequatelyNormalized>NO</adequatelyNormalized>
<expectedVolumes>0</expectedVolumes>
<fwdEngineeringStrategyName>Single Table</fwdEngineeringStrategyName>
<growthPercent>0</growthPercent>
<growthType>Year</growthType>
<maxVolumes>9999999</maxVolumes>
<minVolumes>0</minVolumes>
<normalForm>Third</normalForm>
<attributes itemClass="oracle.dbtools.crest.model.design.logical.Attribute">
<Attribute name="id_consulta" id="B5CD952A-C629-E308-17C8-0BA366388EF0">
<createdBy>pedro</createdBy>
<createdTime>2020-06-18 00:02:49 UTC</createdTime>
<ownerDesignName>PS_BancoDados</ownerDesignName>
<engineerTo>
<item key="87A43A83-F1B5-EEF4-0121-26153AAB1A0D" value="true"/>
</engineerTo>
<use>0</use>
<ownDataTypeParameters>,,</ownDataTypeParameters>
</Attribute>
<Attribute name="dt_consulta" id="30DA4734-441A-1BED-3052-93BDA5A98CAF">
<createdBy>pedro</createdBy>
<createdTime>2020-06-18 00:03:00 UTC</createdTime>
<ownerDesignName>PS_BancoDados</ownerDesignName>
<engineerTo>
<item key="87A43A83-F1B5-EEF4-0121-26153AAB1A0D" value="true"/>
</engineerTo>
<use>0</use>
<ownDataTypeParameters>,,</ownDataTypeParameters>
</Attribute>
<Attribute name="horario" id="7A16472B-3B6D-7D0F-2881-38991F94B20D">
<createdBy>pedro</createdBy>
<createdTime>2020-06-18 00:03:15 UTC</createdTime>
<ownerDesignName>PS_BancoDados</ownerDesignName>
<engineerTo>
<item key="87A43A83-F1B5-EEF4-0121-26153AAB1A0D" value="true"/>
</engineerTo>
<use>0</use>
<ownDataTypeParameters>,,</ownDataTypeParameters>
</Attribute>
<Attribute name="CPF_Paciente" id="17F1515F-AB4C-3202-7A55-1AF3C1D427CA">
<createdBy>pedro</createdBy>
<createdTime>2020-06-18 00:04:32 UTC</createdTime>
<generatorID>A5056568-53CA-A77B-D138-B01984901183</generatorID>
<ownerDesignName>PS_BancoDados</ownerDesignName>
<engineerTo>
<item key="87A43A83-F1B5-EEF4-0121-26153AAB1A0D" value="true"/>
</engineerTo>
<referedAttribute>3010B51A-9753-DE3F-081F-43F886D33AB2</referedAttribute>
<use>0</use>
<ownDataTypeParameters>,,</ownDataTypeParameters>
</Attribute>
<Attribute name="CRM" id="09FF5610-2205-60D2-1189-C598A99DBA2E">
<createdBy>pedro</createdBy>
<createdTime>2020-06-18 00:06:21 UTC</createdTime>
<generatorID>8BE05F94-046A-D171-EAFA-BC8029DB83CB</generatorID>
<ownerDesignName>PS_BancoDados</ownerDesignName>
<engineerTo>
<item key="87A43A83-F1B5-EEF4-0121-26153AAB1A0D" value="true"/>
</engineerTo>
<referedAttribute>9F5508B4-A210-3BD3-06B7-D41F2CDB024C</referedAttribute>
<use>0</use>
<ownDataTypeParameters>,,</ownDataTypeParameters>
</Attribute>
</attributes>
</Entity>