<?xml version = '1.0' encoding = 'UTF-8'?>
<Entity class="oracle.dbtools.crest.model.design.logical.Entity" directorySegmentName="seg_0" id="4B05C0C6-5AD7-A9E6-0E10-D9379586AB96" name="PACIENTE">
<createdBy>pedro</createdBy>
<createdTime>2020-06-17 00:09:10 UTC</createdTime>
<ownerDesignName>PS_BancoDados</ownerDesignName>
<engineerTo>
<item key="87A43A83-F1B5-EEF4-0121-26153AAB1A0D" value="true"/>
</engineerTo>
<adequatelyNormalized>NO</adequatelyNormalized>
<expectedVolumes>0</expectedVolumes>
<fwdEngineeringStrategyName>Single Table</fwdEngineeringStrategyName>
<growthPercent>0</growthPercent>
<growthType>Year</growthType>
<maxVolumes>9999999</maxVolumes>
<minVolumes>0</minVolumes>
<normalForm>Third</normalForm>
<attributes itemClass="oracle.dbtools.crest.model.design.logical.Attribute">
<Attribute name="CPF_Paciente" id="3010B51A-9753-DE3F-081F-43F886D33AB2">
<createdBy>pedro</createdBy>
<createdTime>2020-06-17 00:09:33 UTC</createdTime>
<ownerDesignName>PS_BancoDados</ownerDesignName>
<engineerTo>
<item key="87A43A83-F1B5-EEF4-0121-26153AAB1A0D" value="true"/>
</engineerTo>
<use>0</use>
<ownDataTypeParameters>,,</ownDataTypeParameters>
</Attribute>
<Attribute name="Nome" id="00984F5E-F425-52A9-614A-F9FB66CF31CA">
<createdBy>pedro</createdBy>
<createdTime>2020-06-17 00:09:21 UTC</createdTime>
<ownerDesignName>PS_BancoDados</ownerDesignName>
<engineerTo>
<item key="87A43A83-F1B5-EEF4-0121-26153AAB1A0D" value="true"/>
</engineerTo>
<use>0</use>
<ownDataTypeParameters>,,</ownDataTypeParameters>
</Attribute>
<Attribute name="Sobrenome" id="56360619-0B30-FA51-C2C3-A6F83CECA2E5">
<createdBy>pedro</createdBy>
<createdTime>2020-06-17 00:09:26 UTC</createdTime>
<ownerDesignName>PS_BancoDados</ownerDesignName>
<engineerTo>
<item key="87A43A83-F1B5-EEF4-0121-26153AAB1A0D" value="true"/>
</engineerTo>
<use>0</use>
<ownDataTypeParameters>,,</ownDataTypeParameters>
</Attribute>
<Attribute name="dt_Nascimento" id="63BAC99E-61B4-5894-3588-7455E6A97250">
<createdBy>pedro</createdBy>
<createdTime>2020-06-17 00:10:33 UTC</createdTime>
<ownerDesignName>PS_BancoDados</ownerDesignName>
<engineerTo>
<item key="87A43A83-F1B5-EEF4-0121-26153AAB1A0D" value="true"/>
</engineerTo>
<use>0</use>
<ownDataTypeParameters>,,</ownDataTypeParameters>
</Attribute>
<Attribute name="Tel" id="3682FED6-145B-FEE6-7312-4F60AA048E7E">
<createdBy>pedro</createdBy>
<createdTime>2020-06-17 00:10:45 UTC</createdTime>
<ownerDesignName>PS_BancoDados</ownerDesignName>
<engineerTo>
<item key="87A43A83-F1B5-EEF4-0121-26153AAB1A0D" value="true"/>
</engineerTo>
<use>0</use>
<ownDataTypeParameters>,,</ownDataTypeParameters>
</Attribute>
<Attribute name="Endereço" id="D2EBE432-FB96-56FB-5BD1-8A399790DA42">
<createdBy>pedro</createdBy>
<createdTime>2020-06-17 00:12:41 UTC</createdTime>
<ownerDesignName>PS_BancoDados</ownerDesignName>
<engineerTo>
<item key="87A43A83-F1B5-EEF4-0121-26153AAB1A0D" value="true"/>
</engineerTo>
<use>0</use>
<ownDataTypeParameters>,,</ownDataTypeParameters>
</Attribute>
<Attribute name="Gênero" id="5BD765E7-D5B1-681F-70F0-E027551AB8C8">
<createdBy>pedro</createdBy>
<createdTime>2020-06-17 00:12:57 UTC</createdTime>
<ownerDesignName>PS_BancoDados</ownerDesignName>
<engineerTo>
<item key="87A43A83-F1B5-EEF4-0121-26153AAB1A0D" value="true"/>
</engineerTo>
<nullsAllowed>true</nullsAllowed>
<use>0</use>
<ownDataTypeParameters>,,</ownDataTypeParameters>
</Attribute>
<Attribute name="id_hospital" id="6F2978D1-EA0F-3423-3E06-1A09E7079873">
<createdBy>pedro</createdBy>
<createdTime>2020-06-17 01:22:26 UTC</createdTime>
<generatorID>574FE8A4-970F-9171-3471-23A1D2F21F1E</generatorID>
<ownerDesignName>PS_BancoDados</ownerDesignName>
<engineerTo>
<item key="87A43A83-F1B5-EEF4-0121-26153AAB1A0D" value="true"/>
</engineerTo>
<nullsAllowed>true</nullsAllowed>
<referedAttribute>A6396DA0-24AD-529C-16BE-E75181B837E5</referedAttribute>
<use>0</use>
<ownDataTypeParameters>,,</ownDataTypeParameters>
</Attribute>
</attributes>
<identifiers itemClass="oracle.dbtools.crest.model.design.logical.CandidateKey">
<identifier id="5417CC11-BA4E-8092-C456-AD577104339C" name="PACIENTE PK">
<createdBy>pedro</createdBy>
<createdTime>2020-06-17 01:18:27 UTC</createdTime>
<ownerDesignName>PS_BancoDados</ownerDesignName>
<shouldEngineer>false</shouldEngineer>
<engineerTo>
<item key="87A43A83-F1B5-EEF4-0121-26153AAB1A0D" value="false"/>
</engineerTo>
<pk>true</pk>
<usedAttributes>
<attributeRef>3010B51A-9753-DE3F-081F-43F886D33AB2</attributeRef>
</usedAttributes>
</identifier>
</identifiers>
</Entity>