<?xml version = '1.0' encoding = 'UTF-8'?>
<Entity class="oracle.dbtools.crest.model.design.logical.Entity" directorySegmentName="seg_0" id="E07C4030-B257-202C-066E-1C6D72F4849D" name="MEDICO">
<createdBy>pedro</createdBy>
<createdTime>2020-06-17 00:02:39 UTC</createdTime>
<ownerDesignName>PS_BancoDados</ownerDesignName>
<engineerTo>
<item key="87A43A83-F1B5-EEF4-0121-26153AAB1A0D" value="true"/>
</engineerTo>
<adequatelyNormalized>NO</adequatelyNormalized>
<expectedVolumes>0</expectedVolumes>
<fwdEngineeringStrategyName>Single Table</fwdEngineeringStrategyName>
<growthPercent>0</growthPercent>
<growthType>Year</growthType>
<maxVolumes>9999999</maxVolumes>
<minVolumes>0</minVolumes>
<normalForm>Third</normalForm>
<attributes itemClass="oracle.dbtools.crest.model.design.logical.Attribute">
<Attribute name="CRM" id="9F5508B4-A210-3BD3-06B7-D41F2CDB024C">
<createdBy>pedro</createdBy>
<createdTime>2020-06-17 00:02:55 UTC</createdTime>
<ownerDesignName>PS_BancoDados</ownerDesignName>
<engineerTo>
<item key="87A43A83-F1B5-EEF4-0121-26153AAB1A0D" value="true"/>
</engineerTo>
<use>0</use>
<ownDataTypeParameters>,,</ownDataTypeParameters>
</Attribute>
<Attribute name="Nome" id="399FB3EE-B63A-AF52-BEC4-E1515D8D5937">
<createdBy>pedro</createdBy>
<createdTime>2020-06-17 00:05:38 UTC</createdTime>
<ownerDesignName>PS_BancoDados</ownerDesignName>
<engineerTo>
<item key="87A43A83-F1B5-EEF4-0121-26153AAB1A0D" value="true"/>
</engineerTo>
<use>0</use>
<ownDataTypeParameters>,,</ownDataTypeParameters>
</Attribute>
<Attribute name="Sobrenome" id="A586A6D9-0713-4006-8E42-F66FFD31AFAF">
<createdBy>pedro</createdBy>
<createdTime>2020-06-17 00:06:14 UTC</createdTime>
<ownerDesignName>PS_BancoDados</ownerDesignName>
<engineerTo>
<item key="87A43A83-F1B5-EEF4-0121-26153AAB1A0D" value="true"/>
</engineerTo>
<use>0</use>
<ownDataTypeParameters>,,</ownDataTypeParameters>
</Attribute>
<Attribute name="CPF_Médico" id="06E9C9AB-5606-B510-19B7-CBDBD3FF1367">
<createdBy>pedro</createdBy>
<createdTime>2020-06-17 00:10:08 UTC</createdTime>
<ownerDesignName>PS_BancoDados</ownerDesignName>
<engineerTo>
<item key="87A43A83-F1B5-EEF4-0121-26153AAB1A0D" value="true"/>
</engineerTo>
<use>0</use>
<ownDataTypeParameters>,,</ownDataTypeParameters>
</Attribute>
<Attribute name="Especialidade" id="D54E6F94-CBD4-39F7-6FC2-6E6A19F25221">
<createdBy>pedro</createdBy>
<createdTime>2020-06-17 00:04:39 UTC</createdTime>
<ownerDesignName>PS_BancoDados</ownerDesignName>
<engineerTo>
<item key="87A43A83-F1B5-EEF4-0121-26153AAB1A0D" value="true"/>
</engineerTo>
<use>0</use>
<ownDataTypeParameters>,,</ownDataTypeParameters>
</Attribute>
<Attribute name="Tel" id="92032EC6-ACD7-251E-5B77-D2B474DAD676">
<createdBy>pedro</createdBy>
<createdTime>2020-06-17 00:06:23 UTC</createdTime>
<ownerDesignName>PS_BancoDados</ownerDesignName>
<engineerTo>
<item key="87A43A83-F1B5-EEF4-0121-26153AAB1A0D" value="true"/>
</engineerTo>
<use>0</use>
<ownDataTypeParameters>,,</ownDataTypeParameters>
</Attribute>
<Attribute name="Endereço" id="B1C27AC8-8817-AD2A-F4D9-AD9C80CD162A">
<createdBy>pedro</createdBy>
<createdTime>2020-06-17 00:06:29 UTC</createdTime>
<ownerDesignName>PS_BancoDados</ownerDesignName>
<engineerTo>
<item key="87A43A83-F1B5-EEF4-0121-26153AAB1A0D" value="true"/>
</engineerTo>
<use>0</use>
<ownDataTypeParameters>,,</ownDataTypeParameters>
</Attribute>
<Attribute name="dt_nascimento" id="0D6225E5-45E0-A747-C3F9-5A325B323610">
<createdBy>pedro</createdBy>
<createdTime>2020-06-17 00:06:41 UTC</createdTime>
<ownerDesignName>PS_BancoDados</ownerDesignName>
<engineerTo>
<item key="87A43A83-F1B5-EEF4-0121-26153AAB1A0D" value="true"/>
</engineerTo>
<use>0</use>
<ownDataTypeParameters>,,</ownDataTypeParameters>
</Attribute>
<Attribute name="Gênero" id="AE80C6D8-ABD9-48F3-EC7B-114A9FDA31FA">
<createdBy>pedro</createdBy>
<createdTime>2020-06-17 00:06:51 UTC</createdTime>
<ownerDesignName>PS_BancoDados</ownerDesignName>
<engineerTo>
<item key="87A43A83-F1B5-EEF4-0121-26153AAB1A0D" value="true"/>
</engineerTo>
<nullsAllowed>true</nullsAllowed>
<use>0</use>
<ownDataTypeParameters>,,</ownDataTypeParameters>
</Attribute>
<Attribute name="id_hospital" id="D26EE99D-D461-345B-EDE0-E631356C2429">
<createdBy>pedro</createdBy>
<createdTime>2020-06-17 01:23:08 UTC</createdTime>
<generatorID>E339943D-5CD2-07CD-B5CD-5D26C6D7EBBB</generatorID>
<ownerDesignName>PS_BancoDados</ownerDesignName>
<engineerTo>
<item key="87A43A83-F1B5-EEF4-0121-26153AAB1A0D" value="true"/>
</engineerTo>
<nullsAllowed>true</nullsAllowed>
<referedAttribute>A6396DA0-24AD-529C-16BE-E75181B837E5</referedAttribute>
<use>0</use>
<ownDataTypeParameters>,,</ownDataTypeParameters>
</Attribute>
</attributes>
<identifiers itemClass="oracle.dbtools.crest.model.design.logical.CandidateKey">
<identifier id="8E2A4D47-EDBF-F183-1638-3D8A765C8E7E" name="MEDICO PK">
<createdBy>pedro</createdBy>
<createdTime>2020-06-17 01:18:56 UTC</createdTime>
<ownerDesignName>PS_BancoDados</ownerDesignName>
<shouldEngineer>false</shouldEngineer>
<engineerTo>
<item key="87A43A83-F1B5-EEF4-0121-26153AAB1A0D" value="false"/>
</engineerTo>
<pk>true</pk>
<usedAttributes>
<attributeRef>9F5508B4-A210-3BD3-06B7-D41F2CDB024C</attributeRef>
</usedAttributes>
</identifier>
</identifiers>
</Entity>