<?xml version = '1.0' encoding = 'UTF-8'?>
<Entity class="oracle.dbtools.crest.model.design.logical.Entity" directorySegmentName="seg_0" id="E161D776-785C-0C39-D282-7EECC02EDB69" name="EQUIPAMENTOS">
<createdBy>pedro</createdBy>
<createdTime>2020-06-17 00:59:55 UTC</createdTime>
<ownerDesignName>PS_BancoDados</ownerDesignName>
<engineerTo>
<item key="87A43A83-F1B5-EEF4-0121-26153AAB1A0D" value="true"/>
</engineerTo>
<adequatelyNormalized>NO</adequatelyNormalized>
<expectedVolumes>0</expectedVolumes>
<fwdEngineeringStrategyName>Single Table</fwdEngineeringStrategyName>
<growthPercent>0</growthPercent>
<growthType>Year</growthType>
<maxVolumes>9999999</maxVolumes>
<minVolumes>0</minVolumes>
<normalForm>Third</normalForm>
<attributes itemClass="oracle.dbtools.crest.model.design.logical.Attribute">
<Attribute name="id_equipamento" id="05B59EC9-8C28-1A70-CDA9-F4A6B18B13F2">
<createdBy>pedro</createdBy>
<createdTime>2020-06-17 01:27:22 UTC</createdTime>
<ownerDesignName>PS_BancoDados</ownerDesignName>
<engineerTo>
<item key="87A43A83-F1B5-EEF4-0121-26153AAB1A0D" value="true"/>
</engineerTo>
<use>0</use>
<ownDataTypeParameters>,,</ownDataTypeParameters>
</Attribute>
<Attribute name="num_equipamento" id="40A5C473-F371-5E64-9603-CE87D7CE4E21">
<createdBy>pedro</createdBy>
<createdTime>2020-06-17 01:27:34 UTC</createdTime>
<ownerDesignName>PS_BancoDados</ownerDesignName>
<engineerTo>
<item key="87A43A83-F1B5-EEF4-0121-26153AAB1A0D" value="true"/>
</engineerTo>
<use>0</use>
<ownDataTypeParameters>,,</ownDataTypeParameters>
</Attribute>
<Attribute name="id_hospital" id="875AB827-AC6F-4C76-F874-CC0A95DDC974">
<createdBy>pedro</createdBy>
<createdTime>2020-06-18 00:12:23 UTC</createdTime>
<generatorID>EBDE984C-D0D6-D6A1-0FCC-AF8E8767BD21</generatorID>
<ownerDesignName>PS_BancoDados</ownerDesignName>
<engineerTo>
<item key="87A43A83-F1B5-EEF4-0121-26153AAB1A0D" value="true"/>
</engineerTo>
<nullsAllowed>true</nullsAllowed>
<referedAttribute>A6396DA0-24AD-529C-16BE-E75181B837E5</referedAttribute>
<use>0</use>
<ownDataTypeParameters>,,</ownDataTypeParameters>
</Attribute>
</attributes>
<identifiers itemClass="oracle.dbtools.crest.model.design.logical.CandidateKey">
<identifier id="263DF80F-FC03-CA9E-139D-7D78983BD4EF" name="EQUIPAMENTOS PK">
<createdBy>pedro</createdBy>
<createdTime>2020-06-17 01:27:32 UTC</createdTime>
<ownerDesignName>PS_BancoDados</ownerDesignName>
<shouldEngineer>false</shouldEngineer>
<engineerTo>
<item key="87A43A83-F1B5-EEF4-0121-26153AAB1A0D" value="false"/>
</engineerTo>
<pk>true</pk>
<usedAttributes>
<attributeRef>05B59EC9-8C28-1A70-CDA9-F4A6B18B13F2</attributeRef>
</usedAttributes>
</identifier>
</identifiers>
</Entity>