<?xml version = '1.0' encoding = 'UTF-8'?>
<Relation class="oracle.dbtools.crest.model.design.logical.Relation" name="Relation_4" directorySegmentName="seg_0" id="574FE8A4-970F-9171-3471-23A1D2F21F1E">
<createdBy>pedro</createdBy>
<createdTime>2020-06-17 01:19:33 UTC</createdTime>
<ownerDesignName>PS_BancoDados</ownerDesignName>
<engineerTo>
<item key="87A43A83-F1B5-EEF4-0121-26153AAB1A0D" value="true"/>
</engineerTo>
<sourcePk>5417CC11-BA4E-8092-C456-AD577104339C</sourcePk>
<targetPk>CC39A037-702F-A1B6-8373-199CDD005B29</targetPk>
<identifying>false</identifying>
<optionalSource>true</optionalSource>
<optionalTarget>false</optionalTarget>
<sourceCardinality>*</sourceCardinality>
<sourceEntity>4B05C0C6-5AD7-A9E6-0E10-D9379586AB96</sourceEntity>
<targetCardinalityString>1</targetCardinalityString>
<targetEntity>3325C65A-D3D1-FDF8-A27E-A504E46823E9</targetEntity>
<transferable>true</transferable>
<deleteRule>NO ACTION</deleteRule>
</Relation>