<?xml version = '1.0' encoding = 'UTF-8'?>
<Relation class="oracle.dbtools.crest.model.design.logical.Relation" name="Relation_6" directorySegmentName="seg_0" id="724514C2-4E49-6974-658C-6D37CAEFE453">
<createdBy>pedro</createdBy>
<createdTime>2020-06-17 01:27:03 UTC</createdTime>
<ownerDesignName>PS_BancoDados</ownerDesignName>
<engineerTo>
<item key="87A43A83-F1B5-EEF4-0121-26153AAB1A0D" value="true"/>
</engineerTo>
<sourcePk>CC39A037-702F-A1B6-8373-199CDD005B29</sourcePk>
<identifying>false</identifying>
<optionalSource>false</optionalSource>
<optionalTarget>true</optionalTarget>
<sourceCardinality>1</sourceCardinality>
<sourceEntity>3325C65A-D3D1-FDF8-A27E-A504E46823E9</sourceEntity>
<targetCardinalityString>*</targetCardinalityString>
<targetEntity>004D1106-C8F8-91A7-DFCF-EDB8F955BD53</targetEntity>
<transferable>true</transferable>
<deleteRule>NO ACTION</deleteRule>
</Relation>