<?xml version = '1.0' encoding = 'UTF-8'?>
<Relation class="oracle.dbtools.crest.model.design.logical.Relation" name="Relation_9" directorySegmentName="seg_0" id="8BE05F94-046A-D171-EAFA-BC8029DB83CB">
<createdBy>pedro</createdBy>
<createdTime>2020-06-18 00:06:21 UTC</createdTime>
<ownerDesignName>PS_BancoDados</ownerDesignName>
<engineerTo>
<item key="87A43A83-F1B5-EEF4-0121-26153AAB1A0D" value="true"/>
</engineerTo>
<sourcePk>8E2A4D47-EDBF-F183-1638-3D8A765C8E7E</sourcePk>
<identifying>false</identifying>
<optionalSource>true</optionalSource>
<optionalTarget>false</optionalTarget>
<sourceCardinality>1</sourceCardinality>
<sourceEntity>E07C4030-B257-202C-066E-1C6D72F4849D</sourceEntity>
<targetCardinalityString>1</targetCardinalityString>
<targetEntity>453F048C-2134-5A71-D8CE-AFCDFBF4066F</targetEntity>
<transferable>true</transferable>
<deleteRule>NO ACTION</deleteRule>
</Relation>