<?xml version = '1.0' encoding = 'UTF-8'?>
<Relation class="oracle.dbtools.crest.model.design.logical.Relation" name="Relation_8" directorySegmentName="seg_0" id="A5056568-53CA-A77B-D138-B01984901183">
<createdBy>pedro</createdBy>
<createdTime>2020-06-18 00:04:32 UTC</createdTime>
<ownerDesignName>PS_BancoDados</ownerDesignName>
<engineerTo>
<item key="87A43A83-F1B5-EEF4-0121-26153AAB1A0D" value="true"/>
</engineerTo>
<sourcePk>5417CC11-BA4E-8092-C456-AD577104339C</sourcePk>
<identifying>false</identifying>
<optionalSource>true</optionalSource>
<optionalTarget>false</optionalTarget>
<sourceCardinality>1</sourceCardinality>
<sourceEntity>4B05C0C6-5AD7-A9E6-0E10-D9379586AB96</sourceEntity>
<targetCardinalityString>1</targetCardinalityString>
<targetEntity>453F048C-2134-5A71-D8CE-AFCDFBF4066F</targetEntity>
<transferable>true</transferable>
<deleteRule>NO ACTION</deleteRule>
</Relation>