<?xml version = '1.0' encoding = 'UTF-8'?>
<Relation class="oracle.dbtools.crest.model.design.logical.Relation" name="Relation_3" directorySegmentName="seg_0" id="A6618758-3D25-8EDE-CF1A-9CEDFFA8552C">
<createdBy>pedro</createdBy>
<createdTime>2020-06-17 01:15:51 UTC</createdTime>
<ownerDesignName>PS_BancoDados</ownerDesignName>
<engineerTo>
<item key="87A43A83-F1B5-EEF4-0121-26153AAB1A0D" value="true"/>
</engineerTo>
<sourcePk>5417CC11-BA4E-8092-C456-AD577104339C</sourcePk>
<identifying>false</identifying>
<optionalSource>true</optionalSource>
<optionalTarget>false</optionalTarget>
<sourceCardinality>1</sourceCardinality>
<sourceEntity>4B05C0C6-5AD7-A9E6-0E10-D9379586AB96</sourceEntity>
<targetCardinalityString>*</targetCardinalityString>
<targetEntity>0A024AF8-2AC6-500D-A4CB-D16E4A6E8680</targetEntity>
<transferable>true</transferable>
<deleteRule>NO ACTION</deleteRule>
</Relation>