<?xml version = '1.0' encoding = 'UTF-8'?>
<Relation class="oracle.dbtools.crest.model.design.logical.Relation" name="Relation_5" directorySegmentName="seg_0" id="E339943D-5CD2-07CD-B5CD-5D26C6D7EBBB">
<createdBy>pedro</createdBy>
<createdTime>2020-06-17 01:23:08 UTC</createdTime>
<ownerDesignName>PS_BancoDados</ownerDesignName>
<engineerTo>
<item key="87A43A83-F1B5-EEF4-0121-26153AAB1A0D" value="true"/>
</engineerTo>
<sourcePk>CC39A037-702F-A1B6-8373-199CDD005B29</sourcePk>
<identifying>false</identifying>
<optionalSource>true</optionalSource>
<optionalTarget>true</optionalTarget>
<sourceCardinality>1</sourceCardinality>
<sourceEntity>3325C65A-D3D1-FDF8-A27E-A504E46823E9</sourceEntity>
<targetCardinalityString>*</targetCardinalityString>
<targetEntity>E07C4030-B257-202C-066E-1C6D72F4849D</targetEntity>
<transferable>true</transferable>
<deleteRule>NO ACTION</deleteRule>
</Relation>