<?xml version = '1.0' encoding = 'UTF-8'?>
<Relation class="oracle.dbtools.crest.model.design.logical.Relation" name="Relation_7" directorySegmentName="seg_0" id="EBDE984C-D0D6-D6A1-0FCC-AF8E8767BD21">
<createdBy>pedro</createdBy>
<createdTime>2020-06-17 01:27:56 UTC</createdTime>
<ownerDesignName>PS_BancoDados</ownerDesignName>
<engineerTo>
<item key="87A43A83-F1B5-EEF4-0121-26153AAB1A0D" value="true"/>
</engineerTo>
<sourcePk>263DF80F-FC03-CA9E-139D-7D78983BD4EF</sourcePk>
<targetPk>CC39A037-702F-A1B6-8373-199CDD005B29</targetPk>
<identifying>false</identifying>
<optionalSource>true</optionalSource>
<optionalTarget>false</optionalTarget>
<sourceCardinality>*</sourceCardinality>
<sourceEntity>E161D776-785C-0C39-D282-7EECC02EDB69</sourceEntity>
<targetCardinalityString>1</targetCardinalityString>
<targetEntity>3325C65A-D3D1-FDF8-A27E-A504E46823E9</targetEntity>
<transferable>true</transferable>
<deleteRule>NO ACTION</deleteRule>
</Relation>