<?xml version = '1.0' encoding = 'UTF-8'?>
<FKIndexAssociation class="oracle.dbtools.crest.model.design.relational.FKIndexAssociation" directorySegmentName="seg_0" id="0BB96DE9-23C7-4A07-07DF-C6F3964A9F56" containerWithKeyObject="B6D66B61-1BEF-49AB-E1EC-67522A707D45" localFKIndex="F57DA746-5BCE-D253-10B8-6E62A9C0FC0C" name="LEITO_HOSPITAL_FK">
<createdBy>pedro</createdBy>
<createdTime>2020-06-17 01:30:27 UTC</createdTime>
<generatorID>724514C2-4E49-6974-658C-6D37CAEFE453</generatorID>
<ownerDesignName>PS_BancoDados</ownerDesignName>
<referredTableLongName>HOSPITAL</referredTableLongName>
<deleteRule>NO ACTION</deleteRule>
<referredTableID>421EF7F3-151D-A49B-7664-1EF91F44CDC5</referredTableID>
<keyObject>49F9DC05-00A4-24B4-232E-1AF1FB5E36A7</keyObject>
<referredKeyID>49F9DC05-00A4-24B4-232E-1AF1FB5E36A7</referredKeyID>
<mandatory>false</mandatory>
<refColNames>id_hospital</refColNames>
<transferable>true</transferable>
<rely>false</rely>
<columnDependencyConstraintGenerateInDDL>true</columnDependencyConstraintGenerateInDDL>
</FKIndexAssociation>