<?xml version = '1.0' encoding = 'UTF-8'?>
<FKIndexAssociation class="oracle.dbtools.crest.model.design.relational.FKIndexAssociation" directorySegmentName="seg_0" id="0DC8E036-20BD-8F78-D156-8817AAB68927" containerWithKeyObject="1FE51834-BE1A-C0DC-9FB0-73E7340D1964" localFKIndex="78EE6471-7F1B-962F-10EF-11D8F7F02A4C" name="EQUIPAMENTOS_HOSPITAL_FK">
<createdBy>pedro</createdBy>
<createdTime>2020-06-18 00:28:15 UTC</createdTime>
<generatorID>EBDE984C-D0D6-D6A1-0FCC-AF8E8767BD21</generatorID>
<ownerDesignName>PS_BancoDados</ownerDesignName>
<referredTableLongName>HOSPITAL</referredTableLongName>
<deleteRule>NO ACTION</deleteRule>
<referredTableID>421EF7F3-151D-A49B-7664-1EF91F44CDC5</referredTableID>
<keyObject>49F9DC05-00A4-24B4-232E-1AF1FB5E36A7</keyObject>
<referredKeyID>49F9DC05-00A4-24B4-232E-1AF1FB5E36A7</referredKeyID>
<mandatory>false</mandatory>
<refColNames>id_hospital</refColNames>
<transferable>true</transferable>
<rely>false</rely>
<columnDependencyConstraintGenerateInDDL>true</columnDependencyConstraintGenerateInDDL>
</FKIndexAssociation>