<?xml version = '1.0' encoding = 'UTF-8'?>
<FKIndexAssociation class="oracle.dbtools.crest.model.design.relational.FKIndexAssociation" directorySegmentName="seg_0" id="78F79F5B-21E7-7E26-FBD0-DCE10DDC1ED0" containerWithKeyObject="DF7FAB82-7C3B-D8B2-969C-E67698296372" localFKIndex="A242F8FA-7914-C6B9-A396-7246038C6161" name="CONSULTA_PACIENTE_FK">
<createdBy>pedro</createdBy>
<createdTime>2020-06-18 00:28:15 UTC</createdTime>
<generatorID>A5056568-53CA-A77B-D138-B01984901183</generatorID>
<ownerDesignName>PS_BancoDados</ownerDesignName>
<referredTableLongName>PACIENTE</referredTableLongName>
<deleteRule>NO ACTION</deleteRule>
<referredTableID>2357578C-AF75-0431-D135-739886CA3C86</referredTableID>
<keyObject>0BEB2664-C1BF-2752-2F65-61E04E59C0EB</keyObject>
<referredKeyID>0BEB2664-C1BF-2752-2F65-61E04E59C0EB</referredKeyID>
<mandatory>true</mandatory>
<refColNames>CPF_Paciente</refColNames>
<transferable>true</transferable>
<rely>false</rely>
<columnDependencyConstraintGenerateInDDL>true</columnDependencyConstraintGenerateInDDL>
</FKIndexAssociation>