<?xml version = '1.0' encoding = 'UTF-8'?>
<FKIndexAssociation class="oracle.dbtools.crest.model.design.relational.FKIndexAssociation" directorySegmentName="seg_0" id="A10F169F-C5CA-2D59-024A-CAE291EF5969" containerWithKeyObject="DF7FAB82-7C3B-D8B2-969C-E67698296372" localFKIndex="C04CDA1D-B86F-EB0C-2296-BEA9CD4EF45B" name="CONSULTA_MEDICO_FK">
<createdBy>pedro</createdBy>
<createdTime>2020-06-18 00:28:15 UTC</createdTime>
<generatorID>8BE05F94-046A-D171-EAFA-BC8029DB83CB</generatorID>
<ownerDesignName>PS_BancoDados</ownerDesignName>
<referredTableLongName>MEDICO</referredTableLongName>
<deleteRule>NO ACTION</deleteRule>
<referredTableID>841E27ED-1F53-501E-2F2C-5CE4FBF84997</referredTableID>
<keyObject>38ECA0C7-AF9D-BFA2-15A0-18D45E99FED3</keyObject>
<referredKeyID>38ECA0C7-AF9D-BFA2-15A0-18D45E99FED3</referredKeyID>
<mandatory>true</mandatory>
<refColNames>CRM</refColNames>
<transferable>true</transferable>
<rely>false</rely>
<columnDependencyConstraintGenerateInDDL>true</columnDependencyConstraintGenerateInDDL>
</FKIndexAssociation>