<?xml version = '1.0' encoding = 'UTF-8'?>
<FKIndexAssociation class="oracle.dbtools.crest.model.design.relational.FKIndexAssociation" directorySegmentName="seg_0" id="AF6D3E49-CE8E-F2C8-24B5-24AF5FCEA364" containerWithKeyObject="DF1EA570-EB4A-C408-76B1-C828C1BDDD35" localFKIndex="AC8A0E94-C230-4CE0-A492-4C9EA2586245" name="VISITANTE_PACIENTE_FK">
<createdBy>pedro</createdBy>
<createdTime>2020-06-17 01:30:27 UTC</createdTime>
<generatorID>A6618758-3D25-8EDE-CF1A-9CEDFFA8552C</generatorID>
<ownerDesignName>PS_BancoDados</ownerDesignName>
<referredTableLongName>PACIENTE</referredTableLongName>
<deleteRule>NO ACTION</deleteRule>
<referredTableID>2357578C-AF75-0431-D135-739886CA3C86</referredTableID>
<keyObject>0BEB2664-C1BF-2752-2F65-61E04E59C0EB</keyObject>
<referredKeyID>0BEB2664-C1BF-2752-2F65-61E04E59C0EB</referredKeyID>
<mandatory>true</mandatory>
<refColNames>CPF_Paciente</refColNames>
<transferable>true</transferable>
<rely>false</rely>
<columnDependencyConstraintGenerateInDDL>true</columnDependencyConstraintGenerateInDDL>
</FKIndexAssociation>