<?xml version = '1.0' encoding = 'UTF-8'?>
<FKIndexAssociation class="oracle.dbtools.crest.model.design.relational.FKIndexAssociation" directorySegmentName="seg_0" id="FE6A10C2-2490-9A77-638E-360BA0E5A5C2" containerWithKeyObject="841E27ED-1F53-501E-2F2C-5CE4FBF84997" localFKIndex="0EB6A523-B222-FD59-2B88-DE812D48C10E" name="MEDICO_HOSPITAL_FK">
<createdBy>pedro</createdBy>
<createdTime>2020-06-17 01:30:27 UTC</createdTime>
<generatorID>E339943D-5CD2-07CD-B5CD-5D26C6D7EBBB</generatorID>
<ownerDesignName>PS_BancoDados</ownerDesignName>
<referredTableLongName>HOSPITAL</referredTableLongName>
<deleteRule>NO ACTION</deleteRule>
<referredTableID>421EF7F3-151D-A49B-7664-1EF91F44CDC5</referredTableID>
<keyObject>49F9DC05-00A4-24B4-232E-1AF1FB5E36A7</keyObject>
<referredKeyID>49F9DC05-00A4-24B4-232E-1AF1FB5E36A7</referredKeyID>
<mandatory>false</mandatory>
<refColNames>id_hospital</refColNames>
<transferable>true</transferable>
<rely>false</rely>
<columnDependencyConstraintGenerateInDDL>true</columnDependencyConstraintGenerateInDDL>
</FKIndexAssociation>