<?xml version = '1.0' encoding = 'UTF-8'?>
<FKIndexAssociation class="oracle.dbtools.crest.model.design.relational.FKIndexAssociation" directorySegmentName="seg_0" id="FF056BA9-FD1F-AD5B-9A3C-B778F4DF025A" containerWithKeyObject="2357578C-AF75-0431-D135-739886CA3C86" localFKIndex="9658B5EC-749D-3122-63AD-BFF30BBB1FE7" name="PACIENTE_HOSPITAL_FK">
<createdBy>pedro</createdBy>
<createdTime>2020-06-17 01:30:27 UTC</createdTime>
<generatorID>574FE8A4-970F-9171-3471-23A1D2F21F1E</generatorID>
<ownerDesignName>PS_BancoDados</ownerDesignName>
<referredTableLongName>HOSPITAL</referredTableLongName>
<deleteRule>NO ACTION</deleteRule>
<referredTableID>421EF7F3-151D-A49B-7664-1EF91F44CDC5</referredTableID>
<keyObject>49F9DC05-00A4-24B4-232E-1AF1FB5E36A7</keyObject>
<referredKeyID>49F9DC05-00A4-24B4-232E-1AF1FB5E36A7</referredKeyID>
<mandatory>false</mandatory>
<refColNames>id_hospital</refColNames>
<transferable>true</transferable>
<rely>false</rely>
<columnDependencyConstraintGenerateInDDL>true</columnDependencyConstraintGenerateInDDL>
</FKIndexAssociation>