<?xml version = '1.0' encoding = 'UTF-8'?>
<Diagram class="oracle.dbtools.crest.swingui.relational.DPVRelational" name="Relational_1" id="387C2ABF-F12A-7006-2029-BCBE0CE6364D">
<createdBy>pedro</createdBy>
<modifiedBy>pedro</modifiedBy>
<createdTime>2020-06-17 01:30:27 UTC</createdTime>
<autoRoute>false</autoRoute>
<boxInbox>true</boxInbox>
<showLegend>false</showLegend>
<showLabels>false</showLabels>
<showRelAttributes>false</showRelAttributes>
<gridEnabled>false</gridEnabled>
<showGrid>false</showGrid>
<diagramColor>-1</diagramColor>
<display>false</display>
<notation>1</notation>
<objectViews>
<OView class="oracle.dbtools.crest.swingui.relational.TVTable" oid="1FE51834-BE1A-C0DC-9FB0-73E7340D1964" otype="Table" vid="65EC0BC6-8460-1B31-2D9B-BB617E9576AB">
<hideElementsInCurrentOnly>false</hideElementsInCurrentOnly>
<bounds x="340" y="19" width="290" height="108"/>
</OView>
<OView class="oracle.dbtools.crest.swingui.relational.TVTable" oid="2357578C-AF75-0431-D135-739886CA3C86" otype="Table" vid="681E6287-92C3-DD21-329F-28E850A7F874">
<hideElementsInCurrentOnly>false</hideElementsInCurrentOnly>
<bounds x="660" y="153" width="254" height="175"/>
</OView>
<OView class="oracle.dbtools.crest.swingui.relational.TVTable" oid="421EF7F3-151D-A49B-7664-1EF91F44CDC5" otype="Table" vid="03C7A653-A237-5EC4-ACF8-653FBC036C94">
<hideElementsInCurrentOnly>false</hideElementsInCurrentOnly>
<bounds x="380" y="184" width="178" height="110"/>
</OView>
<OView class="oracle.dbtools.crest.swingui.relational.TVTable" oid="841E27ED-1F53-501E-2F2C-5CE4FBF84997" otype="Table" vid="D60AFCD9-0D00-9539-8CE5-26FB5C7B8D2F">
<hideElementsInCurrentOnly>false</hideElementsInCurrentOnly>
<bounds x="373" y="354" width="190" height="204"/>
</OView>
<OView class="oracle.dbtools.crest.swingui.relational.TVTable" oid="B6D66B61-1BEF-49AB-E1EC-67522A707D45" otype="Table" vid="08A7C484-0DEA-4585-64AC-0A84AC6165DB">
<hideElementsInCurrentOnly>false</hideElementsInCurrentOnly>
<bounds x="68" y="180" width="244" height="110"/>
</OView>
<OView class="oracle.dbtools.crest.swingui.relational.TVTable" oid="DF1EA570-EB4A-C408-76B1-C828C1BDDD35" otype="Table" vid="7E6F655C-194D-11B6-A8E9-6C262FB23A4D">
<hideElementsInCurrentOnly>false</hideElementsInCurrentOnly>
<bounds x="995" y="172" width="278" height="135"/>
</OView>
<OView class="oracle.dbtools.crest.swingui.relational.TVTable" oid="DF7FAB82-7C3B-D8B2-969C-E67698296372" otype="Table" vid="BFE674EA-FB82-46B5-3013-26D1F26B7E06">
<hideElementsInCurrentOnly>false</hideElementsInCurrentOnly>
<bounds x="662" y="381" width="231" height="178"/>
</OView>
</objectViews>
<connectors>
<Connector class="oracle.dbtools.crest.swingui.relational.TVFKRelation" oid="0BB96DE9-23C7-4A07-07DF-C6F3964A9F56" otype="FKIndexAssociation" vid_source="03C7A653-A237-5EC4-ACF8-653FBC036C94" vid_target="08A7C484-0DEA-4585-64AC-0A84AC6165DB">
<hideElementsInCurrentOnly>false</hideElementsInCurrentOnly>
<backgroundColor>-16777216</backgroundColor>
<lineWidth>1</lineWidth>
<points>
<point x="380" y="237"/>
<point x="312" y="237"/>
</points>
</Connector>
<Connector class="oracle.dbtools.crest.swingui.relational.TVFKRelation" oid="0DC8E036-20BD-8F78-D156-8817AAB68927" otype="FKIndexAssociation" vid_source="03C7A653-A237-5EC4-ACF8-653FBC036C94" vid_target="65EC0BC6-8460-1B31-2D9B-BB617E9576AB">
<hideElementsInCurrentOnly>false</hideElementsInCurrentOnly>
<backgroundColor>-16777216</backgroundColor>
<lineWidth>1</lineWidth>
<points>
<point x="454" y="184"/>
<point x="454" y="127"/>
</points>
</Connector>
<Connector class="oracle.dbtools.crest.swingui.relational.TVFKRelation" oid="78F79F5B-21E7-7E26-FBD0-DCE10DDC1ED0" otype="FKIndexAssociation" vid_source="681E6287-92C3-DD21-329F-28E850A7F874" vid_target="BFE674EA-FB82-46B5-3013-26D1F26B7E06">
<hideElementsInCurrentOnly>false</hideElementsInCurrentOnly>
<backgroundColor>-16777216</backgroundColor>
<lineWidth>1</lineWidth>
<points>
<point x="777" y="328"/>
<point x="777" y="381"/>
</points>
</Connector>
<Connector class="oracle.dbtools.crest.swingui.relational.TVFKRelation" oid="A10F169F-C5CA-2D59-024A-CAE291EF5969" otype="FKIndexAssociation" vid_source="D60AFCD9-0D00-9539-8CE5-26FB5C7B8D2F" vid_target="BFE674EA-FB82-46B5-3013-26D1F26B7E06">
<hideElementsInCurrentOnly>false</hideElementsInCurrentOnly>
<backgroundColor>-16777216</backgroundColor>
<lineWidth>1</lineWidth>
<points>
<point x="563" y="469"/>
<point x="662" y="469"/>
</points>
</Connector>
<Connector class="oracle.dbtools.crest.swingui.relational.TVFKRelation" oid="AF6D3E49-CE8E-F2C8-24B5-24AF5FCEA364" otype="FKIndexAssociation" vid_source="681E6287-92C3-DD21-329F-28E850A7F874" vid_target="7E6F655C-194D-11B6-A8E9-6C262FB23A4D">
<hideElementsInCurrentOnly>false</hideElementsInCurrentOnly>
<backgroundColor>-16777216</backgroundColor>
<lineWidth>1</lineWidth>
<points>
<point x="914" y="239"/>
<point x="995" y="239"/>
</points>
</Connector>
<Connector class="oracle.dbtools.crest.swingui.relational.TVFKRelation" oid="FE6A10C2-2490-9A77-638E-360BA0E5A5C2" otype="FKIndexAssociation" vid_source="03C7A653-A237-5EC4-ACF8-653FBC036C94" vid_target="D60AFCD9-0D00-9539-8CE5-26FB5C7B8D2F">
<hideElementsInCurrentOnly>false</hideElementsInCurrentOnly>
<backgroundColor>-16777216</backgroundColor>
<lineWidth>1</lineWidth>
<points>
<point x="469" y="294"/>
<point x="469" y="354"/>
</points>
</Connector>
<Connector class="oracle.dbtools.crest.swingui.relational.TVFKRelation" oid="FF056BA9-FD1F-AD5B-9A3C-B778F4DF025A" otype="FKIndexAssociation" vid_source="03C7A653-A237-5EC4-ACF8-653FBC036C94" vid_target="681E6287-92C3-DD21-329F-28E850A7F874">
<hideElementsInCurrentOnly>false</hideElementsInCurrentOnly>
<backgroundColor>-16777216</backgroundColor>
<lineWidth>1</lineWidth>
<points>
<point x="558" y="239"/>
<point x="660" y="239"/>
</points>
</Connector>
</connectors>
</Diagram>