<?xml version = '1.0' encoding = 'UTF-8'?>
<Diagram class="oracle.dbtools.crest.swingui.logical.DPVLogical" name="Logical" id="4609188E-DA41-3BAF-4DA9-AB1B10272B93">
<createdBy>pedro</createdBy>
<modifiedBy>pedro</modifiedBy>
<createdTime>2020-06-16 19:59:53 UTC</createdTime>
<autoRoute>false</autoRoute>
<boxInbox>true</boxInbox>
<showLegend>false</showLegend>
<showLabels>false</showLabels>
<showRelAttributes>false</showRelAttributes>
<gridEnabled>false</gridEnabled>
<showGrid>false</showGrid>
<diagramColor>-1</diagramColor>
<display>false</display>
<notation>1</notation>
<objectViews>
<OView class="oracle.dbtools.crest.swingui.logical.TVEntity" oid="004D1106-C8F8-91A7-DFCF-EDB8F955BD53" otype="Entity" vid="440B0941-255A-0415-FA0A-60D96BE6EFEB">
<hideElementsInCurrentOnly>false</hideElementsInCurrentOnly>
<bounds x="142" y="180" width="170" height="110"/>
</OView>
<OView class="oracle.dbtools.crest.swingui.logical.TVEntity" oid="0A024AF8-2AC6-500D-A4CB-D16E4A6E8680" otype="Entity" vid="B5C6B8ED-0185-43B3-C4D6-412056D45BD5">
<hideElementsInCurrentOnly>false</hideElementsInCurrentOnly>
<bounds x="920" y="187" width="170" height="110"/>
</OView>
<OView class="oracle.dbtools.crest.swingui.logical.TVEntity" oid="3325C65A-D3D1-FDF8-A27E-A504E46823E9" otype="Entity" vid="42830C49-6A5E-D7C8-D176-112C3335F97C">
<hideElementsInCurrentOnly>false</hideElementsInCurrentOnly>
<bounds x="380" y="184" width="170" height="110"/>
</OView>
<OView class="oracle.dbtools.crest.swingui.logical.TVEntity" oid="453F048C-2134-5A71-D8CE-AFCDFBF4066F" otype="Entity" vid="DBE1782F-63CA-C448-7439-04287C4057E5">
<hideElementsInCurrentOnly>false</hideElementsInCurrentOnly>
<bounds x="649" y="386" width="170" height="111"/>
</OView>
<OView class="oracle.dbtools.crest.swingui.logical.TVEntity" oid="4B05C0C6-5AD7-A9E6-0E10-D9379586AB96" otype="Entity" vid="1FE6FE17-9D3E-51F6-EA55-149F6DE2CE8F">
<hideElementsInCurrentOnly>false</hideElementsInCurrentOnly>
<bounds x="660" y="165" width="166" height="151"/>
</OView>
<OView class="oracle.dbtools.crest.swingui.logical.TVEntity" oid="E07C4030-B257-202C-066E-1C6D72F4849D" otype="Entity" vid="057B8F91-D909-8BE9-ABC3-ECA3FB0DFACF">
<hideElementsInCurrentOnly>false</hideElementsInCurrentOnly>
<bounds x="373" y="354" width="170" height="152"/>
</OView>
<OView class="oracle.dbtools.crest.swingui.logical.TVEntity" oid="E161D776-785C-0C39-D282-7EECC02EDB69" otype="Entity" vid="00A48CB7-12C2-42F0-1009-ECA2EB6BCC08">
<hideElementsInCurrentOnly>false</hideElementsInCurrentOnly>
<bounds x="381" y="15" width="170" height="110"/>
</OView>
</objectViews>
<connectors>
<Connector class="oracle.dbtools.crest.swingui.logical.TVRelation" oid="574FE8A4-970F-9171-3471-23A1D2F21F1E" otype="Relation" vid_source="1FE6FE17-9D3E-51F6-EA55-149F6DE2CE8F" vid_target="42830C49-6A5E-D7C8-D176-112C3335F97C">
<hideElementsInCurrentOnly>false</hideElementsInCurrentOnly>
<backgroundColor>-16777216</backgroundColor>
<lineWidth>1</lineWidth>
<points>
<point x="660" y="239"/>
<point x="550" y="239"/>
</points>
</Connector>
<Connector class="oracle.dbtools.crest.swingui.logical.TVRelation" oid="724514C2-4E49-6974-658C-6D37CAEFE453" otype="Relation" vid_source="42830C49-6A5E-D7C8-D176-112C3335F97C" vid_target="440B0941-255A-0415-FA0A-60D96BE6EFEB">
<hideElementsInCurrentOnly>false</hideElementsInCurrentOnly>
<backgroundColor>-16777216</backgroundColor>
<lineWidth>1</lineWidth>
<points>
<point x="380" y="237"/>
<point x="312" y="237"/>
</points>
</Connector>
<Connector class="oracle.dbtools.crest.swingui.logical.TVRelation" oid="8BE05F94-046A-D171-EAFA-BC8029DB83CB" otype="Relation" vid_source="057B8F91-D909-8BE9-ABC3-ECA3FB0DFACF" vid_target="DBE1782F-63CA-C448-7439-04287C4057E5">
<hideElementsInCurrentOnly>false</hideElementsInCurrentOnly>
<backgroundColor>-16777216</backgroundColor>
<lineWidth>1</lineWidth>
<points>
<point x="543" y="441"/>
<point x="649" y="441"/>
</points>
</Connector>
<Connector class="oracle.dbtools.crest.swingui.logical.TVRelation" oid="A5056568-53CA-A77B-D138-B01984901183" otype="Relation" vid_source="1FE6FE17-9D3E-51F6-EA55-149F6DE2CE8F" vid_target="DBE1782F-63CA-C448-7439-04287C4057E5">
<hideElementsInCurrentOnly>false</hideElementsInCurrentOnly>
<backgroundColor>-16777216</backgroundColor>
<lineWidth>1</lineWidth>
<points>
<point x="739" y="316"/>
<point x="739" y="386"/>
</points>
</Connector>
<Connector class="oracle.dbtools.crest.swingui.logical.TVRelation" oid="A6618758-3D25-8EDE-CF1A-9CEDFFA8552C" otype="Relation" vid_source="1FE6FE17-9D3E-51F6-EA55-149F6DE2CE8F" vid_target="B5C6B8ED-0185-43B3-C4D6-412056D45BD5">
<hideElementsInCurrentOnly>false</hideElementsInCurrentOnly>
<backgroundColor>-16777216</backgroundColor>
<lineWidth>1</lineWidth>
<points>
<point x="826" y="242"/>
<point x="920" y="242"/>
</points>
</Connector>
<Connector class="oracle.dbtools.crest.swingui.logical.TVRelation" oid="E339943D-5CD2-07CD-B5CD-5D26C6D7EBBB" otype="Relation" vid_source="42830C49-6A5E-D7C8-D176-112C3335F97C" vid_target="057B8F91-D909-8BE9-ABC3-ECA3FB0DFACF">
<hideElementsInCurrentOnly>false</hideElementsInCurrentOnly>
<backgroundColor>-16777216</backgroundColor>
<lineWidth>1</lineWidth>
<points>
<point x="461" y="294"/>
<point x="461" y="354"/>
</points>
</Connector>
<Connector class="oracle.dbtools.crest.swingui.logical.TVRelation" oid="EBDE984C-D0D6-D6A1-0FCC-AF8E8767BD21" otype="Relation" vid_source="00A48CB7-12C2-42F0-1009-ECA2EB6BCC08" vid_target="42830C49-6A5E-D7C8-D176-112C3335F97C">
<hideElementsInCurrentOnly>false</hideElementsInCurrentOnly>
<backgroundColor>-16777216</backgroundColor>
<lineWidth>1</lineWidth>
<points>
<point x="465" y="125"/>
<point x="465" y="184"/>
</points>
</Connector>
</connectors>
</Diagram>