<?xml version = '1.0' encoding = 'UTF-8'?>
<relationalModel class="oracle.dbtools.crest.model.design.relational.RelationalDesign" name="Relational_1" id="87A43A83-F1B5-EEF4-0121-26153AAB1A0D" mainViewID="387C2ABF-F12A-7006-2029-BCBE0CE6364D">
<createdBy>pedro</createdBy>
<createdTime>2020-06-17 00:56:54 UTC</createdTime>
<ownerDesignName>PS_BancoDados</ownerDesignName>
<shouldBeOpen>false</shouldBeOpen>
<selectedRDBMSSite>32076570-2523-435C-2E92-BF29817DFF70</selectedRDBMSSite>
</relationalModel>